1676.85669,-1.97150,31098.47266,-52.81348,1677.58508,-1.95862,18.53765,-0.00984
41.41268,-412.83051,1224.32751,-4041.66357,41.45723,-413.18829,9.97850,1.96193
12.89359,5.70409,-184.88040,1841.92480,12.85858,5.76798,41.52246,124.61903
15.22312,-7.22173,-1118.26953,471.25159,15.15992,-7.10718,-72.42097,-2.86658
21.12480,-26.03220,-778.68286,114.32735,21.15311,-25.97083,-17.32782,-15.86956
119.85458,-301.31894,766.25928,-2810.13599,119.96835,-301.48605,8.91991,-1.00783
-4.12487,43.50952,199.05649,-136.64554,-4.18122,43.43644,-3.55408,-4.24059
5.55381,18.21234,-779.25439,186.86943,5.46848,18.25493,-2.34079,41.98614
11.15184,6.92571,-421.86118,849.71643,11.11527,7.02571,7.40709,71.76402
20.61403,-6.95334,63.07455,109.67335,20.67302,-6.94156,1.14105,5.68829
99.13937,-103.10720,1275.93530,-349.16312,99.17168,-103.13488,7.94006,4.73657
-26.73665,48.14107,-57.38489,1011.72717,-26.79170,48.19571,16.54213,-8.00500
-8.89771,25.92915,151.23814,-8.31054,-8.90459,25.95783,-2.07467,-5.11460
-3.53636,19.27202,-489.96893,-640.58356,-3.53553,19.20388,-27.72017,30.61748
-0.49756,15.70557,-111.71281,454.07373,-0.49415,15.69572,29.12500,6.20046
1.79355,13.37697,-386.87994,71.71433,1.77213,13.28900,1.48778,29.31119
3.97190,11.59279,25.55731,200.17668,3.97410,11.60575,16.11282,3.31530
6.50897,10.12527,422.81982,218.55211,6.55064,10.14360,34.20114,-19.59664
10.35526,8.72760,311.58691,-266.60248,10.38191,8.73678,4.91876,-29.81884
18.24638,6.64837,1208.34192,-1013.95660,18.31960,6.63180,40.60181,-70.04626
55.67576,-0.82511,687.29517,-314.27435,55.73570,-0.85990,12.41537,-5.44711
-47.05465,18.59864,-378.08371,261.87589,-47.06734,18.56646,8.85042,-2.07267
-12.53939,12.05566,-657.47217,367.30194,-12.58821,12.09529,41.73468,10.92220
-3.03775,10.74456,-343.82431,-480.20001,-3.01079,10.75638,-33.10258,41.23034
5.94712,10.74483,-269.53076,-25.28238,5.96047,10.72235,-12.47619,18.20188
33.62569,14.23666,354.35455,-91.40119,33.61247,14.17262,7.97749,-6.08295
-68.81325,-2.69264,-809.01929,588.63843,-68.85417,-2.66446,11.40185,-8.99028
-23.69724,3.90073,-231.54895,-250.79253,-23.69875,3.90275,7.81580,11.86964
-15.69068,4.79055,-785.95618,-140.77213,-15.72219,4.77234,43.28430,22.09232
-12.21077,4.92625,-67.39041,92.12573,-12.18212,4.84412,7.37319,-4.63048
-10.09508,4.99723,-385.46628,-941.83881,-10.14439,4.87742,-5.39413,90.24984
-8.74061,4.86181,-65.62587,-586.31091,-8.81980,4.88568,-22.48425,54.02161
-7.89072,4.68299,1257.09338,-1111.40759,-7.89969,4.64023,-179.75230,35.10466
-7.18964,4.59079,-794.59387,806.15228,-7.15889,4.66404,129.42395,-28.28843
-6.57516,4.54467,239.25369,-206.98346,-6.56955,4.51405,-39.44437,4.40359
-6.03724,4.37989,-496.73886,-371.69000,-6.09037,4.39310,24.69243,78.84019
-5.70499,4.21772,-287.93024,455.72916,-5.67419,4.28748,70.93270,-26.71860
-5.39951,4.11132,139.28595,1384.10193,-5.35961,4.21217,109.39954,-172.26865
-5.09966,4.06959,683.82379,15.83559,-5.09312,4.07681,-80.31525,-67.39793
-4.87401,3.90417,-80.79127,321.82516,-4.88604,3.97068,42.19543,-31.57583
-4.63284,3.84194,464.95071,98.09613,-4.66072,3.84847,-48.98264,-61.49363
-4.44522,3.70237,-163.33905,430.95105,-4.44434,3.79035,69.15191,-37.99012
-4.30428,3.64214,-391.45215,-922.11377,-4.27765,3.61766,-52.93489,170.79778
-4.19543,3.51355,776.49194,1091.48376,-4.10649,3.59740,24.75642,-244.10762
-4.04652,3.51182,-617.74213,797.62592,-4.02786,3.52268,185.03032,-36.20384
-3.90724,3.40457,5.47028,-893.61700,-3.90061,3.42228,-114.36733,128.75409
-3.81347,3.33193,480.01624,-461.60925,-3.76934,3.34466,-132.04625,5.29536
-3.73332,3.22109,-489.44620,320.89194,-3.68593,3.25770,117.75153,17.01269
-3.62546,3.18858,-355.32043,-312.68109,-3.59559,3.12106,13.30834,98.51434
-3.54340,3.14012,38.59712,-788.26624,-3.58019,3.06438,-114.99062,121.75085
-3.43289,3.08095,-1029.88257,-377.21536,-3.46912,3.02376,114.84490,208.83675
-3.39141,2.96573,-967.82721,1041.01001,-3.41967,3.02028,310.03613,-30.59169
-3.32627,3.00420,-11.83867,-1528.86804,-3.29084,2.88853,-228.29837,264.19437
-3.25029,2.88330,-282.53989,-347.33765,-3.31216,2.82023,-2.31225,102.89867
-3.16759,2.84573,-183.55753,-530.68732,-3.17643,2.79034,-50.22123,122.95325
-3.18531,2.76403,35.64804,-174.88480,-3.14379,2.76653,-33.97908,25.72712
-3.12935,2.71995,-444.40781,293.48990,-3.12125,2.70434,127.86395,16.75537
-3.02158,2.66385,-914.42737,589.13538,-3.14787,2.70774,259.48260,36.04808
-2.99859,2.61960,-235.95937,-1066.55505,-3.03378,2.57999,-128.36247,242.39758
-2.91017,2.54581,-495.18005,-230.63385,-2.98276,2.60990,55.70713,126.06572
-2.92983,2.54098,-292.59967,-760.13080,-2.92259,2.52194,-71.25703,198.59924
-2.90473,2.49727,-695.08435,-902.15302,-2.94602,2.47013,-12.22539,295.97678
-2.87290,2.45462,-429.60001,-1306.53040,-2.90540,2.36494,-131.22890,342.87225
-2.88328,2.37399,409.62881,-239.48544,-2.86626,2.43964,-124.11417,-22.08743
-2.80183,2.37742,412.36859,-247.33968,-2.78323,2.34186,-130.52649,-20.95937
-2.78492,2.30092,-696.80151,-209.80009,-2.84843,2.29246,112.48692,164.18581
-2.77673,2.22664,95.07129,498.86215,-2.75613,2.27016,68.27258,-124.76615
-2.77904,2.22527,-96.18921,-173.18933,-2.73262,2.21985,-9.81100,55.40858
-2.73228,2.27725,-397.09375,-198.45294,-2.69147,2.22107,51.57096,116.29175
-2.66111,2.14078,638.72198,176.75980,-2.66469,2.10852,-115.12614,-157.43147
-2.69216,2.15088,-920.70660,451.01831,-2.71248,2.20003,286.09122,65.76682
-2.67289,2.09687,1117.32861,-76.87834,-2.58314,2.13494,-271.61066,-194.72221
-2.63679,2.10364,-542.73376,-248.69086,-2.61769,2.10037,79.75646,158.99860
-2.55915,2.06805,-942.42072,-284.14410,-2.63334,2.02268,172.95767,240.75182
-2.62099,2.01616,-468.63565,22.26326,-2.61015,2.00593,116.99828,81.38488
-2.58988,1.98155,259.29575,180.06746,-2.58205,1.96240,-30.05807,-92.58268
-2.56397,1.99654,-154.38057,-208.63261,-2.60008,1.98430,-1.17659,79.34288
-2.56355,1.91944,857.14026,790.68774,-2.55180,1.94067,-63.51364,-358.15811
-2.50220,1.90602,722.05975,-618.34467,-2.43072,1.84733,-310.84723,18.14576
-2.53555,1.85094,202.33087,-834.72839,-2.49717,1.81943,-212.02037,179.79286
-2.52413,1.85029,-357.43152,451.86316,-2.51831,1.86736,177.42688,-47.86692
-2.46227,1.90198,-637.52203,-467.35193,-2.48332,1.81194,77.92118,245.05132
-2.46768,1.87674,605.81207,-387.12955,-2.47283,1.80417,-234.42216,-14.48026
-2.44003,1.77551,-761.58606,-25.61284,-2.47766,1.78122,197.74667,152.50008
-2.48010,1.79492,-98.18974,259.99066,-2.46035,1.82665,76.30392,-49.02134
-2.43283,1.75781,-151.94279,18.08572,-2.44282,1.75479,44.53637,24.58887
-2.41658,1.75760,-230.10330,-419.12823,-2.38897,1.71217,-19.43686,161.51280
-2.41147,1.71913,-283.68945,436.34155,-2.45674,1.69958,161.19740,-66.09301
-2.40999,1.68407,732.52747,319.15271,-2.39281,1.71317,-139.25739,-233.08360
-2.34255,1.62591,-721.81488,536.36865,-2.35981,1.65750,311.73318,-8.33589
-2.39618,1.64207,716.29858,861.56433,-2.35212,1.68781,-27.52100,-386.04153
-2.34522,1.68909,127.51693,-684.46045,-2.31041,1.64593,-176.60915,170.43433
-2.34692,1.58271,370.42892,-5.99345,-2.34022,1.51566,-112.68159,-70.41781
-2.32000,1.56824,-1502.56958,268.66824,-2.36169,1.60951,487.38657,218.39668
-2.36648,1.56590,421.29965,-479.45221,-2.32956,1.58773,-219.26834,56.36872
-2.31668,1.51175,-298.19370,-943.85992,-2.30297,1.48172,-94.91826,348.77490
-2.35870,1.48989,462.18954,458.84842,-2.33806,1.53737,-47.91869,-227.76056
-2.33548,1.47803,804.81818,256.12012,-2.28090,1.52369,-192.11041,-240.62230
-2.32901,1.46814,195.15326,376.83539,-2.41071,1.50524,11.98059,-148.83649
-2.31978,1.47569,-420.71454,-1321.42468,-2.30921,1.46686,-129.18315,490.18103
-2.37060,1.49891,929.64520,-856.30579,-2.30684,1.48232,-454.04401,79.44477
-2.27526,1.42989,-575.13892,1143.41516,-2.33658,1.45983,396.93982,-241.35719
-2.30677,1.37433,-109.62602,376.68768,-2.30868,1.43956,107.44685,-96.16393
-2.35273,1.39166,478.76480,347.91531,-2.29537,1.46955,-79.11147,-202.22165
-2.34460,1.44722,-204.32001,-177.89143,-2.29906,1.44674,28.78299,95.48794
-2.29053,1.41074,-638.86963,854.00934,-2.35377,1.44795,358.83054,-142.08763
-2.28598,1.38258,217.33766,315.67273,-2.19922,1.41444,-4.60341,-146.49896
-2.27317,1.38168,-30.50868,-250.93961,-2.31157,1.41897,-38.81449,84.73148
-2.26482,1.34082,-507.43353,-386.55127,-2.28073,1.34631,90.80055,223.08554
-2.28654,1.31652,343.34845,-252.37003,-2.27611,1.34335,-160.41194,16.20318
-2.29504,1.32040,-730.40704,578.45715,-2.31454,1.34078,344.68369,-50.25328
-2.21228,1.33594,37.21718,-986.98346,-2.27598,1.26499,-196.63336,324.36359
-2.26648,1.27894,304.45239,-284.40677,-2.25439,1.26093,-156.61531,38.55848
-2.26681,1.28918,-1350.46326,1017.17438,-2.30379,1.37903,626.13312,-66.72369
-2.22154,1.33996,-182.33200,-587.09528,-2.23293,1.22666,-48.22797,236.43230
-2.17788,1.28243,-161.74480,35.21498,-2.15359,1.29574,62.36646,21.17184
-2.26277,1.22667,-253.71638,-395.92035,-2.24478,1.17008,16.58463,185.01888
-2.22155,1.23963,704.30328,166.70279,-2.26687,1.20128,-212.14798,-185.96165
-2.27800,1.20193,-111.72720,785.57019,-2.24537,1.19891,184.08398,-251.57062
-2.18253,1.22980,-330.58499,258.71588,-2.24172,1.24535,161.68437,-25.58852
-2.22920,1.17550,-508.44104,192.29440,-2.26997,1.12869,213.35774,21.37500
-2.20236,1.19564,-588.35010,350.01089,-2.27970,1.17787,266.31503,-15.93524
-2.20671,1.20756,117.46622,-656.51801,-2.22001,1.22033,-165.47238,204.76759
-2.18569,1.24277,8.35774,-755.84015,-2.23743,1.13084,-138.97295,267.57632
-2.19643,1.11831,-99.05762,-409.27499,-2.25898,1.10407,-36.08014,163.54257
-2.18866,1.14412,122.86461,-678.13855,-2.26278,1.13840,-163.65157,217.35997
-2.22533,1.14121,-292.22858,-101.10094,-2.22231,1.17246,84.08961,89.85820
-2.16346,1.10355,-87.57442,-840.85962,-2.19019,1.06962,-119.10374,325.75427
-2.19762,1.12758,1109.80603,-394.09869,-2.10477,1.10285,-490.67636,-69.86199
-2.15231,1.14433,-588.24146,-38.91614,-2.22567,1.09816,205.61450,118.93633
-2.18948,1.04093,8.81396,198.60321,-2.13990,0.98425,31.83430,-78.16723
-2.17986,1.10659,-683.64819,163.53856,-2.20214,1.10084,278.08047,64.74775
-2.20370,1.06107,-155.26239,-484.43527,-2.14161,1.11374,-35.52882,207.72472
-2.21808,1.10242,-328.34958,160.01028,-2.19407,1.10491,148.67455,1.94267
-2.19624,1.05905,94.49985,-1275.32080,-2.15563,0.98726,-260.21597,472.44720
-2.18883,1.04796,477.00696,773.38257,-2.16663,1.06476,-36.03767,-374.66180
-2.18311,1.06159,-1094.12720,409.95386,-2.24571,1.03557,471.19183,34.73104
-2.23956,1.05801,141.50252,-137.12794,-2.17811,1.03727,-77.39520,26.09991
-2.16584,1.09201,-360.23077,-199.25888,-2.16481,1.04686,98.79020,139.81726
-2.16304,1.09737,144.60519,100.15942,-2.14216,1.04452,-36.11869,-64.36781
-2.18018,0.99750,836.35046,1061.46704,-2.12448,1.08673,-109.45545,-555.62585
-2.19156,0.99415,-179.79016,877.65784,-2.13224,1.02430,229.16838,-301.52432
-2.14626,1.02512,-398.34872,95.68614,-2.16780,0.95017,170.37283,30.53666
-2.13472,1.02512,941.43121,-264.02112,-2.14843,0.96300,-410.75165,-61.22316
-2.13525,0.97651,536.02490,-108.21846,-2.15722,0.98275,-224.69913,-52.19884
-2.10946,0.98117,-579.26367,638.33612,-2.21743,1.00582,324.95132,-140.47504
-2.11340,0.94452,-40.56592,906.47699,-2.07843,0.99016,185.24823,-347.88370
-2.11371,0.96887,-1061.54236,174.87744,-2.15433,0.96454,440.74432,116.15522
-2.11639,0.92387,-85.02611,-722.21161,-2.20163,0.93244,-85.05369,292.01224
-2.09618,0.93148,-354.92496,609.49017,-2.14190,0.96529,244.32401,-174.44705
-2.13612,0.89821,20.06790,28.90720,-2.14628,0.96118,-2.76405,-14.70637
-2.16703,0.91536,379.81403,-452.59973,-2.13715,0.91319,-226.80191,114.86646
-2.09843,0.90672,-453.81155,72.66475,-2.10578,0.99408,189.55458,54.97601
-2.14889,0.91541,503.63126,-885.74792,-2.12706,0.88255,-349.40073,271.44769
-2.11889,0.88222,-48.83809,-842.13928,-2.09386,0.85934,-121.30751,352.40897
-2.14867,0.90193,-4.94994,-734.00806,-2.11836,0.89449,-122.18800,294.90442
-2.12974,0.86746,-1287.79077,33.70622,-2.15320,0.97419,502.33505,211.62234
-2.11847,0.90156,78.41501,-609.07758,-2.12411,0.89043,-133.63583,230.72433
-2.11471,0.86385,212.00093,-857.18127,-2.14121,0.85540,-223.29913,311.11865
-2.11357,0.84835,371.94260,624.57532,-2.13208,0.92429,-39.94779,-310.25928
-2.14089,0.83656,151.15475,427.19049,-2.09429,0.85315,9.36577,-200.16301
-2.14316,0.91028,377.38821,-1303.12915,-2.13261,0.84132,-361.72595,468.34708
-2.06687,0.82997,261.83038,-398.13724,-2.11450,0.79331,-170.47258,124.33154
-2.15384,0.80879,539.73206,-18.05681,-2.15724,0.81065,-221.99326,-75.05090
-2.14959,0.78074,556.75922,92.89409,-2.06896,0.74254,-224.11839,-125.33419
-2.11830,0.82656,-237.61768,680.73523,-2.16456,0.83132,200.92302,-237.32420
-2.11855,0.81061,-198.47165,811.73267,-2.11636,0.83750,212.31346,-299.53323
-2.10706,0.85889,251.15091,-202.84096,-2.07451,0.77628,-138.28947,46.02969
-2.12441,0.82242,6.93011,413.98822,-2.17607,0.84040,61.16548,-166.62373
-2.11510,0.80207,-397.65125,586.65594,-2.13034,0.88719,256.80594,-168.43312
-2.13329,0.83350,772.86072,-684.09436,-2.09280,0.80756,-431.22101,160.48146
-2.15795,0.81486,607.41858,973.71436,-2.07718,0.80215,-96.94186,-506.20273
-2.12894,0.84162,680.49060,160.24606,-2.12250,0.81994,-253.59663,-173.46536
-2.13445,0.81704,53.63911,882.35962,-2.12552,0.83716,119.69755,-367.98166
-2.11231,0.82621,247.31720,-1121.30969,-2.08431,0.79886,-283.23956,429.41779
-2.09846,0.79773,-679.74506,719.18011,-2.12474,0.76894,391.18045,-196.91032
-2.10528,0.78315,41.28745,-852.07013,-2.12709,0.76370,-144.59348,348.66614
-2.05750,0.83608,-63.45483,-681.51532,-2.06714,0.76321,-80.10838,300.11383
-2.07185,0.74401,666.34290,419.11902,-2.06650,0.82142,-208.83521,-285.82742
-2.09290,0.74097,376.46588,654.98499,-2.12624,0.75913,-59.49184,-329.28882
-2.07356,0.76042,-520.22638,368.58420,-2.07922,0.74926,277.98480,-77.09648
-2.11161,0.75831,654.82465,981.06628,-2.07879,0.75452,-126.97848,-518.02991
-2.02026,0.71571,-654.77905,-168.68547,-2.14006,0.71039,252.02672,162.48239
-2.11328,0.71701,425.21167,-357.67731,-2.09113,0.72228,-234.44925,90.06611
-2.13505,0.72585,808.62769,317.97281,-2.03034,0.75111,-299.36459,-267.35904
-2.05346,0.74708,-161.04417,548.35040,-2.11013,0.77680,151.45847,-204.10931
-2.09084,0.68090,805.63684,108.08540,-2.08868,0.68732,-332.66348,-161.21773
-2.08640,0.68026,483.36090,1117.46973,-2.12239,0.72532,-42.80848,-541.14508
-2.13281,0.70961,653.35144,-966.73914,-2.06945,0.67197,-422.81915,329.85538
-2.10576,0.73373,157.40027,-72.09317,-2.10827,0.72109,-77.31031,7.75298
-2.10697,0.69638,484.54517,-15.71988,-2.12479,0.66859,-209.61775,-58.55999
-2.09292,0.74506,-238.32448,-160.34238,-2.12098,0.75279,75.96430,102.56006
-2.07089,0.68989,-1433.89941,1030.93665,-2.15181,0.74892,743.10107,-220.47169
-2.11169,0.68980,761.00269,-437.17975,-2.04376,0.74281,-397.58096,69.40859
-2.07193,0.71519,-895.55194,9.68695,-2.12265,0.75015,376.49283,128.49046
-2.10323,0.67291,550.64441,488.06464,-2.04152,0.75069,-160.15898,-297.96115
-2.07649,0.64757,-132.04590,143.45685,-2.10290,0.68758,76.87881,-43.08177
-2.09069,0.65463,-304.72232,144.61090,-2.05468,0.63952,155.17966,-22.08153
-2.07881,0.68737,-51.83094,-682.46796,-2.08615,0.61320,-65.64326,307.84656
-2.07024,0.70266,53.46672,-833.30579,-2.12748,0.64669,-131.99652,351.56461
-2.08690,0.64643,126.87592,-0.85386,-2.03627,0.64362,-56.76895,-17.52401
-2.03668,0.65505,-846.82495,830.74750,-2.07109,0.67652,487.84991,-241.75960
-2.07271,0.65175,197.71338,-41.40445,-2.03167,0.60046,-95.03727,-7.70859
-2.09077,0.60034,197.19984,410.69034,-2.09825,0.60569,-34.59948,-205.71790
-2.09720,0.66151,263.94650,-150.37790,-2.06412,0.59536,-137.45166,33.20793
-2.09374,0.69882,38.01872,-281.16980,-2.10260,0.66443,-54.86099,116.38892
-2.03442,0.57451,321.95575,946.82568,-2.08146,0.61924,-17.77415,-460.17395
-2.08928,0.62989,-394.84253,474.13458,-2.09773,0.63509,235.10326,-154.84439
-2.09400,0.62135,1036.38098,-414.71188,-2.06319,0.60339,-516.89410,49.83792
-2.05102,0.62341,307.86835,13.75286,-2.08392,0.62006,-133.91597,-46.44532
-2.05489,0.59605,-34.54858,194.42099,-2.10754,0.55446,38.03009,-82.24512
-2.04547,0.59831,1223.91504,18.07648,-2.04602,0.59809,-548.72229,-169.23601
-2.02588,0.60395,312.38028,-1735.46631,-2.06176,0.58106,-360.13138,740.24451
-2.11280,0.55644,714.75018,692.40625,-2.09945,0.58922,-229.78552,-394.29327
-2.06923,0.62617,385.41476,136.77094,-2.10946,0.61781,-150.78445,-108.99831
-2.03582,0.58458,157.90933,-335.88705,-2.08350,0.57231,-111.64954,130.54422
-2.07468,0.52823,1017.57178,-242.85616,-2.03280,0.56991,-495.15192,-19.35179
-2.08574,0.53730,-314.35583,229.31146,-2.08406,0.59584,168.52158,-61.85062
-2.08626,0.54427,29.17496,735.11694,-2.09871,0.65769,87.29414,-322.91516
-2.05778,0.52530,-590.59149,906.10303,-2.05269,0.65087,388.61139,-318.20175
-2.07397,0.57316,-51.69424,138.38058,-2.03929,0.62763,42.23309,-54.85913
-2.07711,0.50482,266.70895,-41.33550,-2.06304,0.57185,-125.21303,-14.67167
-2.12019,0.55902,1372.22021,365.39520,-2.03847,0.53025,-586.82904,-331.89514
-2.10460,0.61213,-34.24403,129.78133,-2.06177,0.62047,32.59985,-53.13591
-2.07537,0.56844,148.52850,589.79169,-2.04603,0.64574,16.71815,-282.98575
-2.09584,0.52207,-312.31360,-671.59082,-2.08884,0.49213,69.88677,337.97934
-2.16758,0.57670,-581.97101,-521.62189,-2.10506,0.59246,191.54930,301.70541
-2.09952,0.60753,1095.51355,-868.61798,-2.01149,0.52429,-615.37598,271.43033
-2.06748,0.54767,703.58600,1023.95453,-2.06634,0.58418,-185.57079,-548.00336
-2.07747,0.56132,553.09607,-375.64761,-2.02157,0.50707,-301.25327,110.25675
-2.06080,0.56011,-365.57642,560.13153,-2.07326,0.54095,231.08885,-209.87433
-2.08523,0.57248,-88.67244,-258.37704,-2.10855,0.54326,9.82972,125.07058
-2.08331,0.55408,-1101.88135,606.61768,-2.12310,0.59779,555.41370,-129.33711
-2.04970,0.57747,-396.08160,869.39313,-2.08453,0.57550,283.54333,-338.78769
-2.04729,0.53608,-753.10718,610.04504,-2.06816,0.52671,412.51010,-189.91312
-2.04262,0.54288,189.28293,-340.55902,-2.05142,0.49871,-125.22694,135.56802
-2.05479,0.57703,702.96979,-789.10571,-2.06747,0.52844,-410.73532,276.69443
-2.05152,0.53698,-29.56718,459.25998,-2.08013,0.54679,67.58046,-203.01985
-2.02631,0.52691,202.92813,-61.29205,-2.05577,0.50655,-99.98711,5.17737
-2.05108,0.51396,-276.27951,-476.48956,-2.08821,0.48239,75.56059,245.63585
-2.02147,0.48468,-326.84613,179.77705,-2.07926,0.54358,168.29512,-42.46487
-2.06617,0.52171,-127.16178,-414.27765,-2.07708,0.53578,9.16358,201.81532
-2.04921,0.51248,-274.11765,-163.53598,-2.04401,0.54406,105.34811,108.04842
-2.01007,0.51071,41.98024,-150.90280,-2.02427,0.49609,-36.79770,65.52872
-2.08047,0.49391,645.09637,-624.67999,-2.01536,0.46007,-371.48938,225.15486
-2.03900,0.46375,-276.72537,187.88982,-2.04129,0.48416,149.01251,-56.70164
-2.05416,0.50418,379.06482,1016.86658,-2.03478,0.50458,-58.75435,-514.31250
-2.03533,0.48697,-447.50259,-1171.17273,-2.04969,0.41098,99.74890,591.39087
-2.02939,0.46229,-695.76892,-556.75635,-2.08376,0.43794,265.99673,323.09177
-2.07427,0.48060,-210.73323,-396.39362,-2.01889,0.47060,55.59325,209.30135
-2.08482,0.45325,-191.69775,-4.99345,-2.10574,0.41583,87.16821,19.58482
-2.07768,0.50749,814.78424,-445.53198,-2.00668,0.45127,-434.01700,124.42050
-2.05509,0.46190,799.25195,775.89032,-2.02741,0.51818,-278.23376,-453.81412
-2.04007,0.44761,615.62817,-218.99478,-2.02178,0.41188,-313.55228,44.44121
-2.05868,0.47343,-250.40233,-72.68546,-2.05435,0.46325,108.39845,59.82483
-2.03981,0.48871,-406.26706,-1422.05200,-2.08829,0.45778,43.19200,690.43225
-2.05603,0.46967,-422.37598,369.59814,-2.08023,0.47131,231.41817,-125.23979
-2.06082,0.46028,-224.80185,729.11401,-2.04991,0.53848,189.98668,-305.77524
-2.06253,0.47715,310.66727,270.02060,-2.07222,0.49107,-112.71091,-157.01500
-2.04595,0.45746,-942.13342,702.94653,-2.11926,0.52091,496.11301,-209.75050
-2.06031,0.45776,-846.87012,461.44354,-2.02534,0.45775,446.80722,-126.85118
-2.05912,0.50633,445.46365,31.85329,-2.05984,0.50221,-200.56865,-64.36435
-1.98431,0.47998,381.53180,-97.65581,-2.01742,0.42415,-190.85899,8.27956
-2.03018,0.42539,818.56561,-113.21269,-2.03513,0.44453,-395.49960,-30.75926
-2.11980,0.41225,695.14014,724.25952,-2.06922,0.47477,-242.85017,-405.73547
-2.05376,0.49964,48.08889,350.05408,-2.01737,0.53187,20.48659,-168.11899
-2.00146,0.45362,-840.80872,844.59924,-2.05717,0.51129,481.04700,-291.00497
-2.00185,0.39857,-487.27554,716.15027,-2.02487,0.45733,304.96854,-284.79712
-2.03819,0.42956,177.41859,456.63742,-1.98130,0.47943,-31.90874,-238.19524
-2.01302,0.43287,154.99831,216.24606,-1.93783,0.48273,-49.13774,-123.83266
-2.00399,0.46299,-405.23935,-247.13788,-2.02717,0.45686,164.09355,158.89429
-2.02887,0.42637,-110.33735,228.17049,-2.06447,0.45471,74.18984,-94.18185
-2.00349,0.36613,-988.55560,-180.08543,-2.06924,0.35489,449.58734,164.13835
-2.02997,0.36724,-458.12088,653.93402,-2.08788,0.48765,277.43726,-248.40558
-2.06170,0.42585,502.18311,-677.72540,-2.05077,0.42082,-300.05313,268.90244
-2.01571,0.39300,682.36407,303.35150,-2.05606,0.42972,-288.44400,-207.82568
-2.05145,0.36953,13.08338,-472.81937,-1.96994,0.40541,-53.75958,228.95337
-2.04811,0.37104,505.27982,-41.24581,-2.07099,0.40281,-238.81903,-26.53419
-2.03538,0.39662,-596.39294,57.41202,-2.10257,0.39640,278.88544,25.27238
-2.05728,0.30576,785.70673,1351.08533,-2.02092,0.42622,-237.23317,-718.58484
-2.11109,0.36373,301.83633,550.28656,-2.07232,0.38994,-92.41333,-282.93033
-2.09277,0.39369,1070.69128,335.14850,-2.05431,0.38950,-473.24774,-252.87120
-2.04384,0.36567,-278.61615,-159.38582,-2.05867,0.35144,118.66302,97.67928
-2.07982,0.36508,-239.07961,553.99408,-2.05608,0.38490,161.07480,-239.28905
-2.09090,0.39940,365.38934,23.50946,-2.09829,0.43858,-164.60339,-45.60915
-2.03317,0.40908,315.79358,720.18646,-1.99582,0.40635,-81.38553,-377.41763
-2.05561,0.37074,1332.46094,-739.83740,-1.99221,0.37803,-713.61078,235.95390
-2.03786,0.35475,-117.98747,155.21475,-2.07179,0.34027,67.43497,-63.84282
-2.07989,0.40440,391.53351,163.41725,-2.02206,0.38173,-172.23579,-113.33255
-2.07199,0.39663,33.88494,84.99419,-2.02783,0.39685,-8.19363,-43.51730
-2.00077,0.41942,-911.13593,-949.39270,-2.04916,0.36470,351.06070,525.79022
-1.99622,0.38476,-517.10913,39.63361,-2.04599,0.35197,248.71463,23.41501
-2.06963,0.36129,118.49650,-372.32269,-2.00732,0.38059,-90.93077,168.24171
-2.05144,0.43174,-909.07501,-361.97971,-2.01209,0.36130,406.39920,252.87737
-2.04110,0.38954,1353.16162,163.81461,-1.99231,0.31721,-649.63202,-185.65700
-2.02340,0.34609,29.50652,-899.86261,-2.07190,0.30148,-75.83180,423.28259
-2.07495,0.33650,258.93762,112.96973,-2.07232,0.30815,-114.31676,-71.51247
-2.03175,0.42041,526.45697,12.87570,-2.01954,0.32599,-253.05881,-47.22349
-1.98293,0.37483,-856.31805,-486.14886,-2.07427,0.31363,368.95706,290.15759
-2.04354,0.36427,405.67648,157.90492,-2.04942,0.33313,-180.64993,-106.41269
-2.00649,0.35737,-536.69604,-59.33600,-2.07160,0.33987,247.70685,69.28174
-2.01480,0.34760,-289.59354,-377.87033,-2.03202,0.30867,111.69006,202.92444
-2.03599,0.36073,-198.63600,-387.51132,-2.00084,0.34517,63.96197,204.70897
-2.01790,0.34702,165.71037,-30.50115,-2.01494,0.34793,-82.39802,0.90955
-2.04175,0.34120,-240.70255,303.43478,-2.05333,0.39289,140.36243,-120.91958
-2.02481,0.34076,160.97220,-7.48749,-2.03134,0.35742,-77.49359,-9.94919
-1.99303,0.34088,-1235.64734,-163.04601,-2.10671,0.37485,555.18213,176.17795
-1.99344,0.32487,32.59251,893.00000,-1.97885,0.37716,67.10339,-438.48257
-2.00592,0.30216,-727.30273,155.08223,-2.08465,0.39055,350.51913,-8.72455
-2.05574,0.33728,544.31006,-248.88120,-1.99992,0.35847,-285.30603,73.30704
-2.02628,0.31436,444.95093,939.98853,-1.97410,0.38212,-128.41391,-501.01624
-2.05830,0.29652,386.79285,-23.93073,-2.00530,0.33579,-189.56779,-19.80936
-2.07013,0.33095,194.06435,-126.59464,-2.04578,0.30853,-101.87601,46.51662
-2.10848,0.30751,-221.23633,-338.73688,-2.01728,0.29067,83.73734,179.98343
-2.01935,0.34270,-943.29443,855.81354,-1.99894,0.34154,529.58771,-337.64789
-2.04838,0.31380,186.76938,5.14392,-2.00499,0.31968,-90.44390,-16.98624
-2.04906,0.28336,993.39478,169.16507,-1.96471,0.26461,-485.22226,-151.45274
-2.05966,0.31238,322.51733,428.15250,-1.99756,0.32043,-123.88589,-234.21082
-2.07041,0.36090,387.82745,-1214.92249,-2.07713,0.25750,-255.29852,553.25470
-2.04310,0.31614,598.65808,95.55522,-2.06233,0.29826,-277.77219,-86.50523
-2.08756,0.35029,823.72986,-343.98480,-2.01235,0.33270,-425.95618,100.51379
-2.05191,0.36345,386.34290,677.23804,-2.01895,0.38312,-123.26584,-358.83200
-2.01340,0.37467,191.39919,-189.69113,-2.03239,0.31668,-106.14061,76.79572
-2.04667,0.33810,853.44348,308.73212,-2.03198,0.35055,-382.41336,-217.90909
-1.98898,0.30246,-616.89777,721.53455,-2.08687,0.31882,340.48303,-293.73267
-2.05494,0.27552,970.79401,-381.65775,-2.02920,0.34092,-496.01086,104.74957
-2.03748,0.30259,283.05090,327.35767,-1.99675,0.31527,-113.05206,-181.79562
-2.03309,0.32388,1039.81702,-564.68860,-1.98889,0.30849,-553.53448,198.06364
-1.99665,0.31677,-643.96173,-386.67978,-2.05581,0.27680,282.78766,226.16620
-1.98003,0.24058,-589.60803,-207.01241,-2.03185,0.27189,271.68381,138.23874
-2.05641,0.28372,-362.75934,391.83112,-2.05677,0.31927,201.09975,-159.29112
-2.01765,0.30867,-249.27518,-1057.98157,-2.06255,0.29404,46.77945,519.61859
-1.99528,0.26763,-109.46942,228.11317,-2.01572,0.26973,68.22923,-104.03715
-2.04870,0.26160,671.23297,329.53210,-2.04478,0.36077,-290.78104,-212.46178
-2.08067,0.21266,449.69720,365.12439,-2.02371,0.29830,-191.45871,-208.64476
-2.04740,0.27429,427.70889,-125.88974,-1.96023,0.22554,-222.63533,38.60612
-1.99726,0.25161,1097.26245,-140.56615,-1.97368,0.19669,-557.50702,15.66232
-2.03482,0.25447,-11.57654,700.53369,-2.03646,0.29558,54.46645,-336.09085
-2.00374,0.28646,-524.00244,-936.88550,-2.02116,0.23450,202.74869,487.06265
-1.99602,0.25783,-372.28052,-1032.20752,-2.01440,0.26440,115.56047,527.58185
-2.01495,0.27127,-574.95374,-308.93643,-2.04360,0.25750,258.19604,183.70641
-2.05146,0.24362,114.62778,172.38309,-2.06878,0.28213,-43.24081,-89.22295
-2.04103,0.26689,44.45624,-372.02618,-2.00355,0.32649,-51.08985,177.35796
-2.05418,0.25238,-511.59149,-370.95731,-2.11621,0.24362,218.67157,200.46715
-2.05800,0.23667,653.83649,-171.76031,-1.99798,0.25152,-332.79639,44.07204
-2.05108,0.23416,-677.77954,394.16608,-2.11039,0.22766,337.38602,-150.37830
-2.02946,0.27104,300.94089,679.41949,-2.02297,0.36261,-85.80491,-351.23248
-2.06765,0.24562,309.06229,635.78534,-2.05866,0.28185,-105.86115,-323.32813
-2.06630,0.24649,483.91434,-466.86591,-2.00866,0.23824,-264.75690,201.02441
-2.08449,0.22107,555.20752,503.56326,-1.99431,0.28311,-237.76013,-286.25119
-2.06129,0.31232,-667.61371,-1124.51624,-2.07820,0.22091,260.78137,568.82062
-2.03241,0.27772,-318.26431,107.59161,-2.03315,0.27465,160.75233,-31.20346
-2.02236,0.27360,-163.55917,-608.65131,-2.03348,0.17598,54.12393,303.99921
-2.02552,0.25282,-430.88998,-272.57953,-2.02786,0.28564,189.78551,161.15009
-2.05797,0.31479,318.53476,64.57030,-1.95583,0.28806,-154.64772,-55.79097
-2.00950,0.29498,-246.99869,-1165.99146,-1.98823,0.17865,70.96216,592.82404
-1.99520,0.27457,-392.73566,-935.44580,-2.05933,0.24839,133.97050,470.40652
-2.02599,0.24478,-567.76263,421.08215,-2.02713,0.28133,303.07291,-165.66177
-2.01909,0.26322,-22.89511,-117.24727,-2.01519,0.26519,3.64176,58.66103
-1.98317,0.26827,38.79874,-312.92664,-2.00762,0.19515,-34.15398,152.54962
-1.97546,0.23659,-227.73801,-294.75250,-1.96780,0.21065,98.56800,160.33922
-2.01095,0.25064,234.35333,-863.80511,-1.99566,0.16292,-151.75584,420.45190
-2.02165,0.23230,-189.92880,-307.94980,-2.02642,0.19832,78.10535,159.61137
-2.00466,0.23827,455.49319,-1104.30164,-2.04076,0.13790,-258.58203,523.65057
-2.01667,0.21017,81.94418,447.94540,-2.00638,0.22622,-15.47198,-225.00484
-2.03822,0.22270,547.05908,-165.84756,-2.00195,0.21963,-278.99448,52.23478
-2.00542,0.20339,126.36559,377.49622,-2.05138,0.22579,-40.85040,-188.51712
-2.01336,0.17195,-561.02258,-60.21748,-2.03269,0.19569,270.63980,55.67872
-2.05967,0.18724,924.25464,-218.15843,-2.05530,0.21171,-455.79092,59.19501
-2.03061,0.20778,286.75650,95.36026,-2.04617,0.19039,-134.64090,-59.13240
-2.06141,0.24067,1229.88660,-789.47491,-2.01954,0.23696,-645.96912,315.12418
-2.00576,0.19189,-524.99072,514.37256,-2.06293,0.29210,284.09720,-209.11330
-2.07384,0.19631,913.26282,-54.41547,-2.02350,0.18375,-450.05884,-13.97623
-2.07566,0.16748,520.22363,-122.92658,-1.97619,0.21688,-266.85840,32.91769
-2.03203,0.25192,-585.81512,-246.29230,-2.01699,0.22717,273.22125,152.88161
-2.01006,0.19904,-255.33380,-347.17151,-2.01685,0.23943,104.69040,184.56407
-2.03696,0.17170,-614.76782,403.66571,-2.01563,0.20332,321.92584,-167.79420
-2.03231,0.18632,-702.65991,37.49023,-2.00061,0.19672,349.68445,15.64581
-2.05419,0.22536,219.47968,-282.38931,-2.04439,0.16393,-117.67667,128.69284
-2.00669,0.17716,245.36075,1151.18933,-1.99035,0.25729,-47.70953,-584.55206
-2.09126,0.18520,845.50043,-82.79052,-2.04370,0.16942,-414.22131,6.17191
-2.03703,0.21108,-353.60352,-372.27518,-2.02807,0.18043,156.78264,197.50977
-2.04043,0.24114,312.24786,-711.29175,-2.01728,0.20739,-189.03873,333.16571
-2.03480,0.18115,1072.89819,-317.37265,-2.02042,0.14813,-539.64307,117.51759
-2.03694,0.19298,-159.45302,767.46033,-2.08310,0.20856,112.30693,-357.17792
-2.02928,0.15868,339.27191,516.91583,-2.02882,0.19909,-140.86732,-268.60986
-2.05893,0.22674,22.71470,-258.42026,-2.00657,0.18704,-23.12410,126.63135
-2.02455,0.20440,285.54034,-388.24139,-2.06299,0.14368,-150.78629,177.69208
-2.02235,0.22515,329.96753,-236.80038,-2.05583,0.20517,-170.30212,98.18855
-2.01633,0.19020,634.37061,713.66400,-2.02530,0.23612,-268.49146,-383.67767
-2.05534,0.22072,395.36206,-705.71136,-2.01520,0.17693,-225.20093,330.42145
-1.96574,0.19914,-217.31192,305.51462,-2.04142,0.20485,120.25799,-137.59071
-2.01090,0.14236,-293.29346,1001.00787,-2.06820,0.19361,185.49318,-466.63440
-2.00422,0.16793,881.34705,730.69629,-2.05681,0.26640,-376.17899,-403.97934
-2.01145,0.18937,371.54871,262.84070,-1.98837,0.20174,-171.68210,-149.60764
-1.96172,0.11129,-1144.86206,904.71008,-2.06538,0.22056,594.31195,-374.57001
-2.08346,0.15764,532.49097,180.25822,-2.01365,0.17989,-254.41267,-112.24586
-2.04038,0.14852,-1020.28448,-24.09831,-2.04985,0.13118,494.95773,43.43108
-2.01320,0.16844,294.55759,-662.72614,-2.00925,0.13866,-168.56058,318.20535
-2.03596,0.14406,1269.00989,-3.12415,-1.98558,0.21115,-632.13245,-65.64973
-2.09103,0.11132,1010.03833,329.19641,-1.99585,0.17094,-488.36139,-206.76674
-2.03300,0.18356,149.82262,74.12642,-1.96758,0.13840,-73.13391,-42.81808
-2.10421,0.13641,1219.04395,470.24203,-1.96468,0.15186,-598.40350,-285.59979
-2.02926,0.13977,277.30286,873.78528,-2.02209,0.18525,-96.73716,-440.98157
-2.08647,0.15664,485.20239,-260.29926,-1.95727,0.11472,-254.81790,118.05536
-2.05183,0.14242,371.86603,-193.33534,-2.02279,0.15624,-190.08679,80.89604
-2.08464,0.19105,-298.10056,-788.51453,-2.05880,0.10820,124.32060,389.53085
-2.03493,0.19735,-40.72192,-361.45831,-2.02378,0.13141,8.48829,179.15665
-2.01932,0.17326,-96.68062,-285.09430,-2.03655,0.14360,37.41598,142.62689
-2.02593,0.17646,-290.30045,224.44046,-2.01777,0.14399,151.04008,-100.45343
-2.08319,0.17574,227.70589,-122.42994,-2.04045,0.11101,-114.52141,53.77096
-2.01319,0.19508,-317.58221,-861.21466,-2.06615,0.11377,130.36009,423.99872
-2.04177,0.14018,-688.91821,-44.00507,-2.10512,0.11170,325.23309,38.16036
-2.01288,0.15743,-794.86603,963.94055,-2.10019,0.12881,405.10016,-434.13223
-2.05224,0.16599,-40.89724,170.35771,-2.05601,0.22492,28.61364,-79.72822
-1.99955,0.14379,-223.13109,-345.50256,-2.02297,0.10264,101.37274,175.93329
-1.99186,0.17509,158.13525,-288.97726,-1.99123,0.16070,-90.53822,137.81833
-1.97180,0.16167,-625.46765,-322.42764,-2.00376,0.15175,298.25119,183.49840
-2.04774,0.12697,587.74664,-242.70844,-2.01424,0.12540,-298.14227,101.93463
-2.03604,0.15813,715.61871,249.30521,-2.08641,0.17069,-330.99908,-146.56915
-2.05003,0.12744,319.81058,1382.98291,-2.00056,0.20089,-89.53936,-700.29010
-2.01124,0.14372,-115.86047,167.09399,-2.00142,0.15957,64.13762,-78.37417
-2.02114,0.14999,233.29158,-787.52991,-1.97846,0.12372,-142.25000,389.15659
-1.96737,0.15388,-20.31032,-695.97668,-2.00696,0.09142,-5.66408,346.52274
-2.02571,0.09042,-451.68643,1379.70935,-2.03593,0.11909,260.60464,-662.43585
-1.99358,0.12444,-230.26563,265.59009,-1.97988,0.14878,125.67388,-124.70071
-1.99957,0.12073,-241.99667,-57.50772,-2.04068,0.15112,115.86379,36.76067
-2.00286,0.10774,-596.13110,445.02103,-2.01896,0.13410,308.54483,-199.92740
-2.01846,0.09409,-871.80176,46.43152,-2.05440,0.12376,424.17978,2.95125
-1.99285,0.10143,620.54456,-718.99615,-1.98232,0.07005,-325.45145,351.20413
-2.02932,0.09422,135.47531,-556.39838,-2.06511,0.04242,-71.10623,267.96796
-2.06525,0.11842,-355.42200,-288.06165,-2.03504,0.10360,167.01219,150.05276
-2.02419,0.13324,159.96756,-826.88770,-2.06547,0.08585,-93.92658,396.43530
-2.01556,0.06169,-827.19855,257.23550,-2.05619,0.09445,407.18387,-106.39883
-2.12789,0.05300,404.44553,1023.90314,-2.04306,0.13158,-165.00078,-511.78839
-2.04981,0.12582,-576.80255,-787.49792,-2.04464,-0.00756,283.52606,384.10361
-2.04732,0.12516,677.51361,-27.40904,-2.10100,0.10178,-322.34683,-2.56967
-2.01243,0.11771,-95.37112,645.09357,-2.03274,0.17914,74.30757,-310.80316
-2.09605,0.06966,587.86353,592.74060,-2.04287,0.15166,-264.76364,-309.80682
-2.03970,0.14420,8.36835,376.74619,-2.05191,0.17964,11.90453,-182.56558
-2.02551,0.12983,891.64020,-7.32861,-1.98271,0.13826,-447.78842,-27.52881
-2.04682,0.12471,351.37714,1248.95239,-1.97722,0.16778,-123.22372,-642.12579
-2.04804,0.10170,337.99408,-222.61697,-2.04168,0.14824,-172.55461,96.50729
-2.05563,0.14664,599.65302,-491.68246,-1.98753,0.07647,-310.76514,235.42726
-1.99803,0.14350,67.09526,107.63946,-1.99199,0.11214,-30.54374,-55.75544
-1.97004,0.11193,-869.39630,-281.88715,-2.08117,0.10173,410.14450,155.49432
-2.03213,0.06644,106.16478,-250.43404,-2.02403,0.03409,-54.52035,122.81210
-1.98815,0.12296,-63.08618,458.41803,-2.03813,0.08236,39.97652,-223.30498
-2.00834,0.10099,620.20135,-1411.07056,-2.02127,-0.00152,-306.31348,698.33923
-2.00670,0.05968,-1.55602,805.02588,-2.04801,0.06438,13.10383,-392.66495
-2.00622,0.08974,411.89529,-589.06055,-1.98790,0.07695,-218.34442,287.87057
-2.04968,0.09721,660.70996,685.46545,-1.96947,0.10770,-315.49908,-365.29883
-2.00568,0.04721,-645.77606,194.71661,-2.06518,0.03173,314.07202,-89.46007
-2.04761,0.03933,8.97699,939.54047,-2.03982,0.07086,11.58457,-460.19745
-2.02936,0.07727,615.02502,-264.18808,-2.00352,0.04535,-309.79770,124.84891
-2.00053,0.04544,-455.16153,211.49576,-2.04859,0.05846,224.94516,-96.82040
-2.00857,0.04079,-772.76123,862.32843,-2.09924,0.07778,382.80975,-396.59860
-2.01880,0.06169,-535.23315,-659.38605,-2.02472,0.08632,250.01138,336.32626
-2.06241,0.07508,-358.47632,7.32123,-2.05003,0.07801,174.74718,3.07882
-1.97331,0.05723,-1059.69141,987.65210,-2.06965,0.09116,532.00012,-453.77524
-2.07102,0.02740,410.53497,-706.29059,-2.04333,0.07221,-212.86377,338.13333
-1.99414,0.10857,-725.83014,327.96451,-2.11701,0.08864,348.73090,-140.31708
-2.02787,0.03590,0.59048,323.63345,-1.98822,0.14189,11.26218,-161.97157
-2.03710,0.08628,-364.83521,155.34546,-2.03501,0.14217,183.71544,-63.50200
-2.02712,0.03835,606.80225,578.37909,-2.00688,0.08852,-289.08698,-300.95020
-2.05911,0.06528,638.36475,-132.87082,-1.97963,0.07688,-324.58432,54.51314
-2.06144,-0.00292,81.32982,47.68896,-1.99835,0.07438,-39.75521,-25.34385
-2.08286,0.13123,-147.51355,4.95366,-1.99478,0.07826,73.93342,0.41736
-2.00966,0.09274,-918.51447,-697.76239,-2.04046,-0.00305,450.66040,341.28952
-2.03155,0.07820,1048.72144,-85.66566,-1.97165,0.04801,-532.64221,30.47944
-2.06771,0.07687,931.03552,-47.06479,-1.99591,0.04028,-466.75687,14.16103
-2.02283,0.08816,-798.65784,19.84779,-2.08109,0.02802,383.82819,-4.36874
-2.03310,0.04940,1308.92480,55.60773,-1.94152,0.03987,-673.30237,-42.46761
-2.07300,0.07046,-198.72119,-512.12292,-2.11484,-0.02671,97.00774,240.93217
-2.02042,0.10147,-384.53400,-688.85559,-2.01435,0.05366,181.65898,346.81400
-2.05385,0.10013,1811.89270,-288.16824,-1.96353,0.04801,-925.80792,124.12441
-2.00707,0.03378,-75.79991,-374.14511,-2.01196,0.04926,33.10135,186.77074
-2.01883,0.10028,-501.90649,-723.18427,-2.03820,-0.03722,252.64528,350.20166
-1.98382,0.08846,160.96790,-339.63205,-2.00607,0.02068,-81.97663,168.45718
-1.96893,0.07430,-365.29260,331.79227,-2.06530,0.11534,185.26505,-150.30466
-2.00522,0.01596,-293.12079,862.12476,-2.09506,0.03511,146.76588,-409.04279
-2.02730,0.03872,-545.55249,330.52100,-2.08072,0.03533,264.81519,-154.35370
-2.01532,0.06631,-262.45255,18.49788,-2.06241,0.00956,127.29381,-8.37927
-2.00296,0.06441,223.28503,-48.22824,-2.02366,0.04492,-110.81190,21.37243
-2.01078,0.00576,95.08942,-266.19943,-1.98826,0.03479,-50.15245,133.00810
-2.01027,0.04557,-609.08423,-527.46649,-2.00603,-0.00854,304.74045,261.64383
-2.00119,0.02485,44.18326,-1120.39282,-2.01758,0.02562,-28.94682,554.94708
-2.00902,0.02095,-567.88086,-594.09924,-2.01842,0.01186,279.60977,295.98059
-1.98468,0.00011,202.04207,71.02191,-2.03819,0.09082,-97.38213,-39.18463
-2.04933,-0.00593,92.71923,-44.18727,-1.95743,0.04061,-47.81568,21.58223
-2.03464,-0.01784,1242.25745,-569.85498,-1.90978,0.03304,-655.43695,287.04974
-2.04537,0.06399,-3.05029,-1540.39392,-2.04881,0.00154,0.92501,751.85052
-1.99726,0.04888,-497.09271,-314.21075,-2.04480,0.02718,241.01649,156.86694
-2.03690,0.00245,920.62317,-322.48434,-1.96980,0.00019,-467.38403,163.67017
-2.06382,-0.01794,1077.11157,748.85321,-1.99070,0.03392,-534.50665,-385.28528
-2.05608,0.02238,119.25075,156.01332,-2.01841,0.02318,-58.18613,-77.96312
-2.04945,0.00117,-93.99842,192.71550,-2.02765,-0.00983,45.89634,-95.26614
-2.07999,0.01499,1018.93701,606.11212,-2.02094,0.06987,-493.23090,-316.96765
-2.03668,0.01411,-382.65363,-737.92908,-2.04835,0.01532,184.10628,361.63107
-2.04155,0.02727,545.11816,-815.46466,-2.04525,-0.00425,-265.69968,399.26395
-1.99510,0.01222,107.68767,-547.54315,-1.96742,0.04144,-60.57001,277.02991
-2.05427,0.02953,-620.34021,-526.17352,-2.03965,-0.03477,308.44830,252.71378
-2.04371,0.05125,204.82672,-1071.29529,-2.05516,0.01999,-104.72462,520.25232
-2.03566,0.01982,339.14310,971.74060,-2.00589,0.06749,-152.60164,-489.57770
-2.03056,0.01956,-515.68005,-437.30643,-2.11323,0.08279,235.55621,216.16512
-2.05390,0.00537,190.17526,709.82050,-2.08603,0.02526,-87.03246,-341.32709
-2.00167,0.04044,-420.85388,170.88525,-2.03521,0.07690,209.65982,-76.04291
-2.01064,0.05392,-132.24496,-919.98608,-2.02168,0.05652,52.64957,456.53159
-1.95648,0.00731,-1291.50317,-1040.25830,-2.08769,-0.05671,631.69763,481.12274
-2.02675,0.01774,-75.65802,-145.94287,-1.99241,0.05562,35.90046,74.25169
-1.99632,-0.00283,-292.88107,-24.57827,-2.03480,-0.00744,143.97856,11.55253
