1678.94592,0.61072,25871.37109,1161.41797,1679.57422,0.79279,15.40385,0.68422
14.99800,0.89236,348.78455,3977.38916,15.05809,1.17084,43.43783,260.75891
15.50472,2.50610,344.50070,-446.21866,15.46592,2.46949,17.22874,-31.60271
16.16096,3.81974,497.81284,1524.41150,16.23751,3.95069,50.51022,81.59264
17.23558,5.64880,315.72223,728.79706,17.25248,5.72886,29.11679,32.57451
19.07317,7.81575,442.87268,1394.98035,19.05936,7.91808,45.74763,54.18583
21.70210,10.98003,516.73340,-1084.06689,21.80466,10.90837,-0.93905,-49.24744
26.41188,15.59328,-510.21503,1690.72070,26.41225,15.75985,13.92163,55.70590
35.29739,24.35517,-45.42679,-270.83112,35.24018,24.39737,-4.46813,-4.59193
59.02493,46.74199,-8.08368,1509.90503,59.07143,46.78520,12.35648,15.77420
282.16895,253.91545,949.26782,1042.94958,282.23157,254.08835,3.69527,0.36858
-82.20541,-83.66148,58.43188,-860.77319,-82.26819,-83.65129,4.88157,5.49937
-32.65771,-37.34842,404.03668,-516.17139,-32.72079,-37.38342,2.46168,12.96256
-19.15363,-24.63520,-44.59069,406.16098,-19.18666,-24.50147,-9.39232,-9.17488
-12.80601,-18.44565,-929.87927,-271.88184,-12.88657,-18.43446,33.59396,-26.95866
-9.13604,-14.93709,-240.15259,683.95764,-9.18414,-14.85894,-26.07780,-32.28054
-6.81992,-12.52808,-410.07178,-698.95636,-6.81815,-12.46018,57.02818,-1.70503
-5.11141,-10.83484,-288.46494,226.88266,-5.24093,-10.79570,-6.50999,-29.88072
-4.04662,-9.48801,699.33057,-353.53918,-3.97537,-9.48171,5.41177,76.02472
-3.07561,-8.49890,-318.81396,-333.89145,-3.03827,-8.49582,46.74269,-20.80991
-2.24897,-7.64882,-234.64970,-1411.02527,-2.40604,-7.64853,176.65295,24.89157
-1.65990,-6.85146,484.31534,-117.60519,-1.67507,-6.97633,0.17849,69.46555
-1.18569,-6.38692,449.86499,263.64392,-1.23519,-6.31422,-53.63857,60.75352
-0.82794,-5.85307,669.05103,554.53485,-0.81538,-5.75921,-110.51855,100.52347
-0.38700,-5.33378,-909.00256,441.68866,-0.46483,-5.35397,-67.25018,-175.61969
-0.05381,-4.94507,424.62881,530.05444,-0.06107,-4.90193,-109.19399,85.26432
0.24454,-4.54825,326.78101,-252.61557,0.24503,-4.51677,59.67758,69.11104
0.55675,-4.22553,-526.74799,433.10641,0.48360,-4.22304,-115.32931,-111.52518
0.67758,-3.86530,-88.27752,379.01459,0.75353,-3.89276,-98.07876,-3.69215
0.96391,-3.61519,414.73929,-428.10989,0.99766,-3.64609,138.19421,75.93580
1.30807,-3.33222,-1535.82886,426.71643,1.22423,-3.29606,-265.85416,-367.21439
1.37199,-2.89598,702.62842,-117.16499,1.39082,-2.94528,124.64022,179.70369
1.66446,-2.77743,755.50781,652.19464,1.68357,-2.70350,-48.43161,309.61530
1.85626,-2.41446,-815.32507,-341.91397,1.83076,-2.48094,-67.78321,-278.61630
2.20646,-2.15363,-678.38226,168.35455,2.15091,-2.18408,-194.41478,-119.14149
2.36404,-1.93082,-139.88116,-692.00330,2.44180,-1.95033,103.22103,-200.95367
2.67612,-1.62607,-96.13829,338.39746,2.65274,-1.57138,-82.76460,78.53892
2.93812,-1.37377,654.98309,992.26855,3.00489,-1.34262,58.70706,356.44897
3.26354,-1.01159,-775.07220,192.58154,3.26714,-0.99578,-233.50636,-12.22484
3.69849,-0.76920,-436.16168,-55.84495,3.63981,-0.70140,-112.68977,-37.05828
4.10468,-0.28254,167.58008,-4.82713,4.09428,-0.30712,40.78924,1.88072
4.40097,-0.01278,276.44302,17.90177,4.49695,0.07172,61.52128,2.99972
5.03588,0.49262,447.36798,130.01361,5.09687,0.55889,89.49419,15.69526
5.82996,1.15805,-696.68384,55.04449,5.78406,1.09689,-114.52541,31.23516
6.71349,1.76591,485.40906,539.71588,6.76615,1.86992,87.13078,55.68727
7.85245,2.59003,712.71216,233.28561,7.90303,2.71384,89.73697,-1.29646
9.50074,3.79728,226.37810,78.90238,9.48750,3.82153,23.41202,-1.11382
11.83567,5.48638,212.24835,-459.31683,11.89531,5.48488,0.03183,-38.62795
15.70380,8.24911,317.63437,-214.97176,15.69527,8.22714,10.24355,-19.06606
23.07273,13.16690,-4.77505,-91.96651,22.97843,13.19583,-1.88467,-2.91999
42.48986,26.60506,532.08813,-49.16646,42.54099,26.58653,8.47515,-6.45239
256.90176,172.26680,2798.05835,1425.41882,257.04849,172.47021,10.07180,-1.21248
-64.76348,-46.26620,341.76569,-1156.05676,-64.73108,-46.28258,4.95602,14.31584
-28.92749,-21.82238,-216.15948,-600.41449,-29.00639,-21.86061,14.70179,9.61941
-18.73723,-14.87498,119.36450,-91.32684,-18.78891,-14.82441,-1.55182,6.08506
-13.95082,-11.52265,359.26361,450.64490,-13.97534,-11.50268,-31.14705,-6.60953
-11.09665,-9.55924,-730.10620,-695.22815,-11.12624,-9.53235,68.71599,3.61340
-9.28636,-8.20805,248.50502,-29.20927,-9.32714,-8.23551,-13.41752,14.97879
-7.97601,-7.32670,13.35896,166.11998,-8.01852,-7.29991,-11.22402,-10.49890
-6.93409,-6.61227,-550.99841,-392.26620,-7.01095,-6.63098,69.41470,-9.70219
-6.31566,-6.02989,219.15559,-314.70572,-6.29397,-5.95853,6.60060,43.75231
-5.59662,-5.68690,-912.50159,693.32690,-5.74604,-5.52520,22.22843,-142.03577
-5.20985,-5.08195,-96.44580,-437.14456,-5.26494,-5.15794,50.85321,33.20963
-4.93081,-4.82174,134.48558,367.79105,-4.87404,-4.85597,-51.57663,-24.07369
-4.50329,-4.55202,-978.85339,-62.98419,-4.59108,-4.57135,113.92238,-99.71382
-4.26077,-4.28965,-445.63049,284.02884,-4.26462,-4.32618,18.20146,-85.06536
-4.00663,-4.11053,-74.51064,-425.72571,-3.97890,-4.11388,62.51912,42.35575
-3.87645,-3.91864,-122.04279,1196.11621,-3.87385,-3.89129,-138.70053,-169.44174
-3.59589,-3.73345,-523.69922,-397.73383,-3.61238,-3.77250,124.34455,-19.75334
-3.55830,-3.55531,176.06165,277.90216,-3.50925,-3.51504,-64.63965,-14.44503
-3.45548,-3.40723,546.25281,226.04747,-3.38600,-3.36179,-114.62116,47.04215
-3.31853,-3.29921,-1023.78296,898.84235,-3.36806,-3.26620,23.27658,-289.44540
-3.32857,-3.05283,289.62134,-1144.72070,-3.24508,-3.10683,129.64453,228.63423
-3.18428,-2.97246,43.41997,-1298.09912,-3.19836,-2.98070,195.16342,223.98206
-3.16952,-2.87455,574.43103,-492.82315,-3.10151,-2.88342,-20.10705,177.59108
-3.07040,-2.77941,-362.16672,-622.36896,-3.08946,-2.73792,165.65341,54.64471
-3.03020,-2.62077,-474.50192,-745.37012,-3.04429,-2.60487,210.93300,64.35577
-3.05878,-2.50782,266.49396,-53.73325,-2.99020,-2.50431,-43.53580,54.43135
-2.99735,-2.42688,-596.58923,-598.09558,-2.99970,-2.37427,219.30643,25.80354
-3.07107,-2.38765,-250.68248,-538.47211,-3.06985,-2.31904,136.35368,72.40181
-3.09272,-2.23264,159.28175,-365.22430,-3.01504,-2.22292,23.63351,103.70959
-3.11932,-2.19857,-366.45859,678.27631,-3.11137,-2.06305,-18.59319,-205.67076
-3.13133,-2.06823,1042.65698,-81.06995,-3.15798,-2.04263,-221.07167,168.66354
-3.19192,-1.85742,438.98047,-551.40973,-3.24133,-1.92165,-25.58400,185.28606
-3.32293,-1.76943,364.79535,-301.55536,-3.26203,-1.79288,-46.86444,118.20187
-3.35302,-1.64489,-510.95538,626.38782,-3.40151,-1.63736,49.98846,-208.21266
-3.48823,-1.58652,121.62263,645.86694,-3.50081,-1.57909,-98.01642,-140.27913
-3.61028,-1.39346,178.36829,-515.68427,-3.62159,-1.39147,4.75550,140.56438
-3.79553,-1.32909,-580.64081,111.81641,-3.84174,-1.28028,127.30236,-71.52998
-4.02135,-1.15464,-22.75381,-112.90925,-4.03051,-1.14495,12.58749,24.43794
-4.27752,-0.99916,805.59924,-279.49506,-4.24599,-0.99761,-165.14886,104.62798
-4.48779,-0.82896,-788.73450,236.42628,-4.57010,-0.77596,159.21225,-78.76588
-4.93622,-0.57004,429.94702,-1766.19922,-4.95351,-0.69485,-36.07084,361.61493
-5.41667,-0.38442,719.60779,-363.13324,-5.32381,-0.42866,-128.84056,78.58334
-5.91229,-0.12151,-366.45819,-1075.23169,-5.87759,-0.16988,67.57926,180.98416
-6.67125,0.20172,149.72675,103.80275,-6.66625,0.21370,-21.93871,-16.27466
-7.55493,0.64895,-688.57568,-296.26361,-7.61279,0.57261,87.03032,45.46271
-8.96119,1.20766,1082.87646,228.31430,-8.88695,1.18083,-116.38187,-41.15496
-10.87004,1.96071,380.40579,184.38542,-10.89670,1.96090,-30.86561,-22.47559
-13.94321,3.30465,-766.23828,-477.30396,-14.02614,3.25628,44.33928,44.32332
-19.74516,5.61207,361.63995,-154.88615,-19.67621,5.58606,-19.07677,2.45587
-33.63378,11.14060,518.12445,-648.66028,-33.58504,11.08997,-19.66106,12.82177
-117.03455,44.26608,-1090.50146,-765.73224,-117.17625,44.17682,5.99120,8.79363
77.89769,-32.88055,319.32916,-647.34601,77.98973,-32.97297,6.45074,-5.57312
29.14517,-13.55254,-446.45276,-1281.48694,29.17918,-13.62343,4.27293,-41.92287
17.91871,-9.11041,150.18140,-503.92258,17.96566,-9.17899,17.99329,-18.85611
12.96507,-7.12689,-744.65173,72.63469,12.98373,-7.17454,-46.30501,-19.99292
10.12721,-5.95199,251.95607,950.45715,10.16564,-5.89536,-22.02815,80.72221
8.34828,-5.19736,-766.59509,-874.01166,8.32678,-5.33299,-17.61346,-116.24474
7.08045,-4.67630,497.27625,-286.71066,7.12249,-4.72838,67.00908,4.23074
6.12259,-4.30229,371.93610,-52.68353,6.24047,-4.30119,44.35053,22.12594
5.47412,-4.01965,368.62085,381.54468,5.45956,-4.01518,10.46275,77.58033
4.97702,-3.73570,-556.72266,-114.17847,4.97739,-3.79812,-59.62639,-68.43884
4.41391,-3.49851,-405.65552,-1008.66168,4.48372,-3.47002,52.30180,-184.48352
4.09317,-3.41636,454.33743,294.56613,4.11687,-3.33506,31.63570,97.17901
3.80129,-3.16298,-114.61166,-186.88069,3.85244,-3.19216,6.19303,-43.37815
3.52975,-3.04568,875.42804,435.05609,3.60883,-3.03982,82.49940,190.04501
3.35407,-2.99823,-63.12169,-42.52475,3.33161,-2.98282,-4.17331,-16.50041
3.14045,-2.88779,592.02875,836.96832,3.18410,-2.84869,-27.34726,238.39201
2.93169,-2.71711,528.34558,-733.32355,3.04310,-2.72984,215.98593,-47.22694
2.80240,-2.69054,325.15289,-477.69427,2.81580,-2.67600,145.38879,-31.47713
2.72818,-2.58853,177.01151,-219.54036,2.72555,-2.59241,74.32159,-9.85782
2.55087,-2.57679,356.90585,-3.99988,2.58021,-2.55119,70.71956,68.37383
2.48046,-2.62226,590.07495,1379.79749,2.48727,-2.44883,-156.87216,400.29620
2.48436,-2.36703,-382.60052,-598.10956,2.41275,-2.44325,45.64685,-201.67171
2.32220,-2.34749,-540.69849,-275.55597,2.29104,-2.35026,-54.87399,-176.56816
2.26361,-2.27287,-13.70761,-23.78308,2.18606,-2.30189,2.45896,-8.29018
2.19265,-2.28556,120.63776,-11.80957,2.13332,-2.28160,29.13918,25.62879
2.10903,-2.17926,-518.90265,127.43395,2.07070,-2.14293,-151.75470,-95.50659
2.03419,-2.10196,627.22241,229.10443,2.06129,-2.13265,91.42606,205.73778
2.01974,-2.07113,498.46573,-502.19897,1.97662,-2.16753,240.99419,10.20142
1.95715,-2.07907,60.61137,-736.24872,1.99918,-2.12390,198.04346,-157.87619
1.98579,-2.06715,-348.17279,1337.03003,1.89153,-2.01266,-439.07541,239.65897
1.85459,-1.91055,-310.93924,-82.78030,1.81840,-1.99073,-55.10877,-105.85513
1.75635,-1.92445,-89.43172,251.10391,1.80335,-2.01668,-91.22379,37.22763
1.78509,-1.92615,370.70538,635.03418,1.78139,-1.90382,-80.70493,270.23117
1.70924,-1.86089,-487.36261,-483.19394,1.68290,-1.94741,18.23442,-266.01987
1.73198,-1.88662,399.71216,-214.57742,1.74909,-1.92530,164.38673,58.26836
1.64697,-1.84743,526.90887,1528.27429,1.69551,-1.77158,-301.68100,586.15009
1.72359,-1.80642,127.47073,438.85397,1.68769,-1.80970,-94.56729,158.62865
1.62954,-1.80792,649.10291,717.02856,1.69126,-1.78975,-30.59267,391.58630
1.66094,-1.73386,42.19247,-71.20596,1.64828,-1.79152,33.26010,-7.04964
1.58279,-1.74566,-8.85639,-545.44366,1.57084,-1.75353,170.06009,-157.39235
1.69858,-1.72295,-1416.26819,-288.64053,1.59262,-1.78518,-304.07324,-522.07349
1.60065,-1.53713,186.92966,-813.35840,1.58400,-1.66342,312.55664,-185.25636
1.48761,-1.67570,1016.63190,635.17407,1.60958,-1.66739,107.47923,505.96017
1.50483,-1.55264,200.75018,-120.96460,1.52031,-1.64514,100.48296,29.16771
1.52124,-1.57841,568.75281,-354.97763,1.57713,-1.56329,294.43677,66.77519
1.53388,-1.55250,-244.47426,788.94165,1.49866,-1.55929,-341.33997,171.28235
1.52040,-1.54256,505.89841,433.64929,1.55136,-1.50806,27.95629,306.70383
1.48336,-1.55152,-420.13803,481.52722,1.50736,-1.50474,-299.32971,20.64190
1.44259,-1.54153,868.98303,371.30780,1.47735,-1.50026,163.92432,417.79953
1.41850,-1.45881,125.91844,-313.95187,1.50031,-1.49868,146.63899,-62.77843
1.44777,-1.40642,67.95932,-173.31281,1.48785,-1.48530,81.11986,-35.50438
1.42494,-1.43012,113.26756,419.54175,1.39610,-1.34852,-108.19251,196.00471
1.39317,-1.43296,266.51978,-444.89166,1.44906,-1.42531,246.97189,-64.09649
1.39838,-1.40014,-804.67450,775.35266,1.40198,-1.33761,-576.67236,2.84735
1.43070,-1.38517,-1152.43835,-0.37295,1.38095,-1.32955,-432.94733,-417.10318
1.39611,-1.30374,863.10413,72.18137,1.38184,-1.32240,299.93301,339.26566
1.41835,-1.33822,-404.61789,-1173.97144,1.37273,-1.40993,284.01416,-563.49744
1.38141,-1.30673,490.90683,-389.00153,1.37536,-1.24574,336.80032,22.22383
1.33266,-1.29489,399.02438,-291.32199,1.34260,-1.30601,261.15671,37.05524
1.38039,-1.26061,-175.94910,-234.28506,1.38366,-1.24248,13.77605,-156.95250
1.34992,-1.23103,410.78577,135.80078,1.39828,-1.22950,117.52073,200.45528
1.42331,-1.26299,-275.57187,-917.06750,1.30135,-1.25811,242.69678,-470.07257
1.35414,-1.19271,595.08722,-3.64767,1.40799,-1.17201,250.93594,206.28745
1.36604,-1.17295,423.59814,1191.44678,1.37891,-1.13051,-239.92844,667.34467
1.35054,-1.13262,-345.62939,-461.14789,1.33649,-1.17567,25.32178,-322.76920
1.48167,-1.13886,-1379.49109,-486.93707,1.36622,-1.17553,-403.97482,-704.00031
1.37720,-1.12115,325.90033,-357.05176,1.38895,-1.16660,264.18188,-35.17567
1.32755,-1.10484,-104.14679,-224.91943,1.29826,-1.10477,38.97949,-140.07635
1.39166,-1.03907,851.40698,-1087.37622,1.40862,-1.18816,733.60669,-153.15192
1.41368,-1.03092,-142.34308,-57.19960,1.38300,-1.02161,-46.82241,-75.94667
1.44215,-1.00038,-132.40462,-450.32584,1.35937,-1.06607,100.55351,-252.41652
1.47713,-1.03152,-1132.46069,168.84775,1.41505,-1.07452,-565.07465,-309.76917
1.34244,-0.90248,327.33328,-369.16888,1.43199,-0.95041,277.46573,-73.64812
1.45966,-0.90539,-207.78647,47.67426,1.37733,-0.94993,-118.41052,-47.05263
1.39127,-0.84551,88.09586,-306.91638,1.40128,-0.93371,144.60730,-122.67004
1.49785,-0.89136,-527.91949,358.32419,1.46652,-0.87710,-372.77350,21.38728
1.36284,-0.87357,772.01257,-317.04587,1.40640,-0.90520,490.73059,90.41813
1.43504,-0.81591,-887.82086,-522.22076,1.42319,-0.87147,-290.29117,-544.69171
1.50433,-0.80045,19.67637,459.88940,1.50399,-0.83739,-119.97562,238.98015
1.49861,-0.81660,-54.95769,626.78857,1.51021,-0.77578,-197.47878,313.59082
1.48765,-0.72167,414.40924,4.97386,1.47725,-0.72093,225.24081,113.28886
1.37233,-0.80813,1375.38135,830.78735,1.55724,-0.69360,538.72058,773.45044
1.60844,-0.68984,-469.81952,123.81223,1.56620,-0.63900,-284.81653,-37.15045
1.62914,-0.63166,-333.02951,189.50153,1.56168,-0.61463,-226.00069,32.39730
1.61511,-0.59570,-281.84137,-565.31769,1.59462,-0.62366,-33.03973,-367.43698
1.65907,-0.55556,-35.50780,-333.92297,1.61845,-0.51572,39.76768,-193.65009
1.60134,-0.47240,141.16060,-76.52347,1.68317,-0.49021,89.51426,-19.39352
1.75320,-0.38959,301.76917,-611.76990,1.72274,-0.43370,248.79941,-292.47903
1.84327,-0.36871,-697.20764,-144.21214,1.72147,-0.30666,-378.08713,-151.12483
1.83059,-0.25772,-693.01599,-396.50467,1.81195,-0.29527,-337.83807,-273.88071
1.91356,-0.26884,-418.27979,-1097.26038,1.83312,-0.26768,-137.83380,-618.70233
1.88257,-0.03481,450.97198,-797.09924,2.02409,-0.10343,242.29326,-381.42511
2.01453,-0.00989,476.30826,244.94539,1.96998,0.01193,242.52684,122.86993
2.20874,0.12126,-147.50198,101.07248,2.20318,0.19040,-62.51801,51.27869
2.30511,0.33273,385.62775,420.50800,2.31717,0.35446,189.74170,152.44987
2.53666,0.46244,-807.63354,505.47580,2.43879,0.59109,-265.34006,271.57541
2.75350,0.87471,-108.11893,-255.94754,2.78731,0.80205,-60.22583,-74.49586
3.21904,1.25596,-467.53027,-208.20514,3.13955,1.26820,-151.05653,-5.29881
3.75637,1.88851,780.34192,-178.12491,3.75827,1.88466,146.91969,-121.07102
4.74462,2.94483,706.49207,338.77905,4.72625,2.93730,139.96883,-15.30828
6.85956,5.15923,143.89349,743.66425,6.88556,5.23479,65.27811,58.37533
14.17465,13.13694,851.17444,-409.38416,14.26528,13.09381,18.08752,-45.30010
-52.26026,-57.84167,-559.25293,-213.83942,-52.42574,-57.82957,6.84186,-3.46818
-7.91133,-10.52392,-732.08752,-40.95059,-7.97242,-10.53675,35.90276,-42.31434
-3.87789,-6.24593,-873.00916,-8.93631,-3.95938,-6.24208,64.28149,-99.08462
-2.36140,-4.62049,-619.52216,128.72844,-2.41658,-4.63240,32.99762,-116.52287
-1.58768,-3.69960,257.34070,203.78958,-1.58796,-3.74851,-70.75105,38.67965
-1.05257,-3.22748,788.73840,-473.33261,-1.08370,-3.21099,57.91166,265.18253
-0.88949,-2.77788,321.05237,-1144.08691,-0.84049,-2.87891,336.19122,209.66867
-0.53129,-2.62035,-32.92102,502.86353,-0.52342,-2.55375,-186.43715,-51.10366
-0.37655,-2.40454,44.72742,77.64835,-0.34169,-2.38332,-34.56005,13.81203
-0.23307,-2.15946,563.22711,-399.32953,-0.21911,-2.22176,153.24471,268.61737
-0.14422,-2.10788,1221.20508,-609.05115,-0.03429,-2.15206,273.89838,571.82239
-0.06160,-2.03017,-644.66522,429.00681,-0.01855,-1.98516,-213.05315,-326.73343
0.05958,-1.96203,836.28076,858.65808,0.06822,-1.91703,-431.83997,451.60565
0.00265,-1.80883,-229.52742,159.23460,0.14478,-1.86787,-94.20773,-115.58006
0.18486,-1.69666,-398.26007,-1635.83569,0.15046,-1.73508,916.00616,-308.96777
0.21583,-1.72900,-693.21802,-630.72015,0.19054,-1.70094,321.12378,-443.52353
0.22976,-1.68524,-274.98798,-176.78564,0.24269,-1.72344,78.55115,-170.61920
0.28946,-1.60060,-427.08966,-115.73691,0.33758,-1.54632,13.88843,-279.22961
0.26966,-1.53380,46.76621,997.82434,0.27338,-1.50281,-637.22461,147.03979
0.33468,-1.47387,496.74619,-1193.40137,0.36894,-1.53238,809.88843,129.17642
0.30339,-1.63580,-140.67812,1794.42944,0.37770,-1.40626,-1215.23340,226.35588
0.41875,-1.50824,-554.78430,722.58081,0.37474,-1.39709,-581.85663,-241.02948
0.44144,-1.43221,-117.77051,298.24310,0.40549,-1.41425,-216.92702,-21.07673
0.37803,-1.33707,874.87476,-84.60413,0.48894,-1.36586,258.15054,548.11847
0.50098,-1.38306,-656.79651,-383.70236,0.42255,-1.33483,119.70049,-529.93506
0.48376,-1.41259,-997.33197,96.22546,0.39912,-1.35290,-265.49817,-658.85773
0.47087,-1.24758,-528.37360,-399.31122,0.48100,-1.27426,137.28456,-466.47177
0.48560,-1.32423,183.10449,-378.66443,0.48856,-1.30098,301.40771,27.55496
0.55194,-1.24133,-811.52863,257.31635,0.48447,-1.28521,-383.71103,-486.79315
0.54028,-1.26998,90.15628,251.26036,0.50844,-1.25510,-146.97330,131.37128
0.49506,-1.32907,-212.09425,840.20587,0.45997,-1.17992,-678.97485,84.93277
0.50668,-1.22318,444.75122,207.45309,0.56222,-1.17997,3.07778,375.45172
0.55418,-1.20932,-557.02850,-402.26984,0.52354,-1.24825,114.89059,-494.43671
0.57899,-1.17407,-195.42622,201.63470,0.51678,-1.12065,-214.68871,-75.38486
0.58643,-1.20882,205.51080,-545.33929,0.52878,-1.22610,435.97458,-20.41045
0.54191,-1.16800,280.44238,1121.94116,0.56535,-1.13670,-692.90869,591.34137
0.57949,-1.05688,136.21597,-27.52319,0.57344,-1.11378,69.30718,86.61691
0.57206,-1.09373,-133.83356,-823.08496,0.55685,-1.19423,523.20435,-356.02960
0.63146,-1.10506,500.50085,-445.38147,0.62235,-1.18549,468.27634,176.35786
0.59045,-1.13264,-532.83728,-369.33926,0.58424,-1.16374,69.89289,-492.95474
0.59680,-1.16781,-1366.73572,620.40387,0.55715,-1.10106,-948.66705,-761.25903
0.68511,-1.01334,-452.44116,50.72620,0.56904,-1.10752,-202.29460,-304.57910
0.60887,-1.00734,-3.35126,-112.35789,0.65085,-1.03403,76.36560,-51.30763
0.65140,-1.03573,-1185.83154,-47.67104,0.56044,-1.05921,-427.63892,-893.27527
0.58920,-1.04380,463.14539,-1407.38245,0.60363,-1.10528,1157.06226,-212.87839
0.64473,-0.97961,-872.79156,-328.18140,0.63322,-1.05559,-136.11176,-745.17908
0.60334,-0.98254,229.26596,-210.76886,0.60172,-1.01500,252.73651,76.04842
0.66931,-0.98887,211.86433,-1265.58862,0.70800,-1.07427,911.96222,-403.81073
0.71876,-1.02395,-795.35040,925.56384,0.66645,-0.99432,-1012.24249,-121.43385
0.64191,-1.00830,-23.33659,527.47571,0.66586,-0.95110,-383.70554,244.09457
0.73398,-0.97984,-506.22479,-449.93552,0.68057,-1.02425,76.92067,-545.34790
82.85690,-13.85986,-527.98145,-1055.85742,82.83838,-14.00244,-4.10194,-13.43936
0.59243,-0.93512,-126.84014,-431.05234,0.63440,-0.90318,253.52971,-318.51941
0.64256,-0.96196,321.46323,-680.98596,0.67663,-1.01407,611.01837,-90.69546
0.64843,-0.94158,611.16791,-826.42041,0.72846,-0.93953,864.36078,-19.67339
0.66155,-0.89630,438.11575,-116.32574,0.68004,-0.93337,304.81357,247.30882
0.64188,-0.97111,1074.53979,929.81659,0.65905,-0.87490,-87.78345,1294.30994
0.69635,-0.89280,162.15323,-193.37297,0.73769,-0.90473,216.16187,2.97660
0.66819,-0.89839,811.17981,-244.81702,0.67846,-0.86401,631.30792,443.12460
0.63900,-0.90657,86.04186,298.08124,0.66680,-0.89168,-168.11891,222.21437
0.66963,-0.87592,383.52124,-369.49323,0.71058,-0.86751,471.62231,55.78763
0.66592,-0.93204,-338.68030,-675.22388,0.61591,-0.87289,333.66190,-623.42902
0.70609,-0.83340,-449.81451,-677.71698,0.66007,-0.89133,249.69235,-689.56244
0.67340,-0.90026,660.53308,1019.90784,0.66245,-0.83495,-364.44373,1080.25269
0.70665,-0.87864,-88.15096,148.60976,0.70020,-0.82739,-157.19591,26.48956
0.68797,-0.79490,221.16278,-16.59094,0.63664,-0.83528,140.21686,157.90511
0.63688,-0.91788,-223.48236,822.02783,0.66926,-0.83916,-728.56268,314.73956
0.76633,-0.81147,-12.40062,372.70917,0.68854,-0.84078,-272.56949,208.46750
0.64299,-0.82238,880.35071,-330.15851,0.68026,-0.80043,782.22266,435.06097
0.66407,-0.83361,-17.05149,-125.05035,0.64908,-0.84806,83.28023,-83.84671
0.74273,-0.87231,-468.82788,586.70148,0.66002,-0.79001,-729.36285,15.90814
0.79758,-0.79884,-273.75446,494.35980,0.67606,-0.80590,-527.30493,102.66293
0.65206,-0.67287,678.59314,-1219.86792,0.68722,-0.82077,1280.67639,-245.51312
0.65275,-0.82917,-171.59775,-303.62415,0.70780,-0.81212,107.81493,-305.26163
0.67442,-0.70301,947.01874,-127.51521,0.73323,-0.78906,685.20337,563.46234
0.71144,-0.76089,-30.30646,436.17590,0.65591,-0.79038,-345.64050,248.49252
0.68035,-0.80077,40.54892,-414.23157,0.70848,-0.86095,309.98157,-207.98738
0.71610,-0.74712,-522.14191,-400.94080,0.66331,-0.79797,-24.52019,-633.95313
0.68136,-0.75562,664.02747,-485.81409,0.72178,-0.82604,731.80450,164.43379
0.72097,-0.76143,-1088.14185,412.16333,0.66883,-0.77248,-1002.02063,-541.05945
0.73872,-0.75488,10.85529,747.07404,0.69734,-0.70443,-527.92426,538.02716
0.72534,-0.71060,-219.08078,536.25085,0.73174,-0.74906,-512.51770,208.19617
0.66131,-0.71660,436.25348,320.48633,0.78760,-0.71366,101.69434,499.05997
0.68001,-0.76552,-50.50471,127.38684,0.70951,-0.75008,-123.24689,49.24842
0.74828,-0.62892,-29.47861,-395.53894,0.72852,-0.72187,251.03964,-294.18936
0.69988,-0.75357,505.18695,-147.00929,0.76416,-0.79004,415.68106,237.38089
0.70630,-0.75778,-45.70348,-293.08542,0.78688,-0.73553,154.81284,-227.75577
0.72620,-0.68314,289.30066,-542.55090,0.73316,-0.76791,557.78217,-155.80133
0.66801,-0.67658,1016.90289,31.00122,0.75891,-0.74492,662.02161,690.66882
0.71969,-0.69559,912.86926,-460.38507,0.78980,-0.70819,930.43011,251.37138
0.77644,-0.67003,68.41111,-770.91199,0.70532,-0.71068,594.61029,-493.86526
0.71545,-0.74493,368.12744,883.93628,0.71497,-0.66948,-342.49130,915.63062
0.68883,-0.63596,-37.91470,-458.56812,0.71763,-0.66690,290.29312,-369.23029
0.68746,-0.61371,-87.47342,-643.40033,0.63525,-0.69240,441.61108,-531.49432
0.68800,-0.62470,32.10192,485.93936,0.76196,-0.63407,-288.67529,397.52585
0.66676,-0.67785,-463.79599,-335.83545,0.69563,-0.64922,-115.53238,-590.60156
0.72929,-0.61235,219.49759,-456.44543,0.75463,-0.59691,473.22693,-230.53938
0.71114,-0.62810,-100.13416,-712.78845,0.70853,-0.67832,428.78638,-595.50305
0.71867,-0.65736,-339.55148,-752.42163,0.71995,-0.63533,253.34732,-821.53815
0.68575,-0.60690,712.32648,143.51189,0.70937,-0.60203,483.92017,613.00732
0.73248,-0.64959,421.83035,247.59474,0.70779,-0.68826,131.48805,477.67624
0.68177,-0.61997,539.68457,-87.39551,0.71293,-0.61786,492.97446,304.64484
0.66191,-0.60776,14.08386,-246.70349,0.73576,-0.62586,176.58871,-185.09326
0.74529,-0.73521,-874.39368,861.16705,0.65769,-0.65941,-1317.69495,-11.76876
0.72199,-0.58048,521.34515,-20.18060,0.81450,-0.59822,427.60892,289.28848
0.75047,-0.64018,-832.17261,-831.01392,0.67342,-0.61658,-57.59789,-1286.75037
0.73848,-0.63249,-577.75488,663.88617,0.69204,-0.61462,-943.02838,121.79439
0.77752,-0.59691,-816.32959,-263.99274,0.69599,-0.63863,-447.81607,-790.21649
0.75507,-0.58503,-558.46082,-251.74310,0.75262,-0.62406,-275.35199,-562.80353
0.74188,-0.59708,486.68161,-545.82983,0.67969,-0.65572,772.13391,-58.15500
0.78343,-0.57535,-494.40021,-337.76553,0.69309,-0.66598,-127.41507,-609.76300
0.70928,-0.59289,733.14178,394.45328,0.74041,-0.60486,332.83771,804.65442
0.73764,-0.59978,31.54148,41.40487,0.68503,-0.65178,-6.01744,54.71706
0.81819,-0.53735,-777.43604,-1044.07495,0.76502,-0.60830,42.23789,-1331.17542
0.74069,-0.51412,504.34265,-183.98265,0.73979,-0.54095,562.71790,162.77373
0.78221,-0.55882,-736.23792,144.27158,0.70242,-0.56144,-739.72064,-385.86673
0.69503,-0.56623,568.25244,166.27486,0.69988,-0.62701,332.34277,535.31781
0.74487,-0.57351,-373.01892,166.88162,0.75363,-0.54948,-428.57925,-91.04498
0.78455,-0.46973,-599.17676,-604.00964,0.77321,-0.60008,-105.26393,-862.86578
0.77986,-0.59447,-524.49097,497.19324,0.71630,-0.54433,-798.54987,87.27741
0.76932,-0.55410,-146.38989,-491.96973,0.74432,-0.57300,196.00211,-510.07883
0.72017,-0.53613,-314.03235,230.47586,0.68614,-0.59072,-428.93750,-33.38496
0.75266,-0.50729,760.73126,36.73233,0.80163,-0.55414,620.70123,474.89603
0.70822,-0.55780,710.74365,1086.12463,0.78772,-0.51226,3.94523,1381.39465
0.72953,-0.54454,1105.24036,76.95963,0.76764,-0.52598,933.03809,739.56683
0.66900,-0.55572,479.44952,66.49957,0.73817,-0.53657,382.12421,367.85193
0.73520,-0.53694,-356.51376,109.59119,0.72464,-0.53306,-391.42599,-136.70534
0.76072,-0.51202,557.71478,-122.43088,0.76505,-0.47966,595.31323,213.21211
0.74356,-0.50230,1380.51709,12.05416,0.81237,-0.53648,1176.48291,791.78345
0.73015,-0.51617,155.81708,-29.62277,0.75386,-0.47863,165.09135,65.52338
0.73886,-0.51772,162.19556,110.79918,0.71738,-0.47634,85.73816,211.37897
0.71158,-0.51639,541.28735,991.32227,0.79254,-0.48321,-58.06120,1215.42126
0.78003,-0.49490,-322.29031,963.40936,0.75748,-0.47588,-877.98608,720.27386
0.73172,-0.55995,644.64014,562.39600,0.74951,-0.46423,285.72491,927.32013
0.75024,-0.54841,-87.56044,562.13965,0.73934,-0.46276,-427.03241,493.04187
0.71112,-0.53749,-16.44016,-656.15491,0.72261,-0.51375,413.70673,-613.90131
0.71205,-0.52616,1016.31616,150.05453,0.76593,-0.52772,808.23669,752.78296
0.77568,-0.49537,-625.59369,529.68262,0.70423,-0.46201,-966.00745,118.39273
0.72248,-0.51960,952.48846,303.75903,0.76236,-0.47149,725.48212,847.12347
0.75419,-0.54174,121.15530,109.94151,0.73917,-0.48922,45.52473,178.86742
0.74977,-0.47879,27.21236,-17.81797,0.72302,-0.47364,37.63176,0.00804
0.75061,-0.47564,-71.08141,25.80911,0.71139,-0.45716,-87.21608,-19.76742
0.79568,-0.46992,-210.63976,284.91727,0.69519,-0.45433,-400.00064,148.42874
0.77296,-0.48700,528.00134,-960.29163,0.72468,-0.50589,1111.82288,-548.96667
0.77160,-0.45308,-310.25812,-1368.14185,0.74911,-0.52779,583.12604,-1415.50317
0.67017,-0.46736,703.16895,-456.14474,0.74178,-0.46778,955.68280,-12.26035
0.78472,-0.50238,-424.73471,478.14304,0.72351,-0.48101,-711.80066,187.64223
0.75097,-0.40672,-342.02271,-276.27252,0.74313,-0.49177,-148.98216,-470.35736
0.71047,-0.49503,627.59894,269.32294,0.73722,-0.46526,443.93216,645.48755
0.74078,-0.49198,64.98829,82.57364,0.72396,-0.46811,11.29521,121.36189
0.68224,-0.41144,73.15112,-930.27899,0.72821,-0.52364,671.72821,-794.45947
0.78719,-0.45562,-369.84650,-100.58478,0.78683,-0.49215,-280.39072,-303.21649
0.77344,-0.46433,-819.87622,612.00232,0.69535,-0.44099,-1238.95129,94.38937
0.75038,-0.50057,-562.07391,443.66370,0.74360,-0.47849,-806.04968,77.96624
0.74911,-0.42205,419.74295,2.30479,0.79932,-0.41333,413.15939,216.52614
0.69430,-0.40628,418.70938,66.29239,0.79192,-0.42403,376.08276,285.08163
0.82794,-0.48131,-1248.74634,1057.51965,0.68985,-0.43663,-1985.17468,276.47482
0.74265,-0.37665,402.49106,-213.93732,0.81597,-0.38149,505.37921,-25.90717
0.73886,-0.42880,581.52740,228.14075,0.76872,-0.43765,443.70685,549.39563
0.72148,-0.43622,619.69177,-339.43454,0.77925,-0.38237,813.18481,-36.57294
0.68744,-0.35855,629.30066,-1187.63843,0.79987,-0.50789,1232.59460,-702.13910
0.77491,-0.37684,-165.49786,-701.77386,0.77259,-0.44338,230.99509,-775.77679
0.69177,-0.42173,675.78949,-438.00079,0.79867,-0.41454,890.81012,-86.04765
0.73453,-0.43677,246.16132,-765.75830,0.78051,-0.47415,665.71124,-576.68213
0.77620,-0.49919,-1303.35583,524.33923,0.69697,-0.32637,-1822.65344,-101.17301
0.71604,-0.33234,1142.33582,-92.42811,0.77037,-0.38471,1234.81836,496.66147
0.80822,-0.44261,108.75076,1068.57788,0.74132,-0.38550,-474.55560,1194.68359
0.68378,-0.42652,1617.01794,757.08478,0.79434,-0.30643,1451.93042,1513.21521
0.74618,-0.42549,-490.41592,-85.09794,0.68951,-0.37463,-497.36636,-393.65234
0.72175,-0.38181,-539.86615,-159.79291,0.77544,-0.36622,-489.67175,-437.32474
0.72330,-0.36079,172.02469,165.21606,0.76350,-0.31292,116.97180,264.33536
0.85094,-0.43502,-99.93700,34.63088,0.76101,-0.34687,-125.90508,-11.88187
0.68186,-0.41908,-68.52014,837.26208,0.73079,-0.36618,-533.81201,878.21295
0.82122,-0.37653,-779.34222,-625.23102,0.77421,-0.41512,-445.53888,-1046.45691
0.82167,-0.28269,-1671.51501,-609.88916,0.67658,-0.33947,-1612.33850,-1710.40991
0.69150,-0.34993,546.15363,396.61649,0.72133,-0.31451,434.75708,739.40479
0.74406,-0.45070,1102.69287,681.12408,0.80619,-0.29290,937.13507,1185.33325
0.66574,-0.31139,-755.46240,-68.30652,0.67482,-0.28088,-918.28314,-483.44440
0.76425,-0.37259,559.18982,976.25208,0.74196,-0.34011,124.38947,1372.80054
0.75431,-0.32623,-220.26534,21.90368,0.76041,-0.35918,-247.95085,-88.31323
0.80853,-0.29982,-693.89722,-811.75854,0.68296,-0.33777,-344.03201,-1358.74121
0.73772,-0.42807,943.40027,199.46565,0.76308,-0.41740,841.52991,721.71155
0.69412,-0.35379,112.61797,99.57718,0.76705,-0.35823,70.75760,162.86342
0.69855,-0.30868,1628.33887,-354.55695,0.79141,-0.36856,1862.27307,419.24384
0.72547,-0.41862,29.88205,285.16864,0.67632,-0.36442,-141.83192,345.22614
0.87591,-0.41097,-1161.66455,605.61243,0.72741,-0.34165,-1628.73218,67.57179
0.74131,-0.40218,-252.23383,45.15648,0.75398,-0.32107,-304.77567,-69.89125
0.74353,-0.28003,-71.55373,115.47783,0.68491,-0.35186,-151.18759,90.93352
0.75187,-0.33926,-75.85493,317.57587,0.75233,-0.34578,-243.41974,310.24442
0.76792,-0.33648,262.29248,192.61937,0.79354,-0.35778,183.74377,325.57907
0.83597,-0.33059,213.43968,-789.33502,0.77704,-0.33837,602.73602,-753.35626
0.70554,-0.40308,121.20428,1039.12781,0.78517,-0.32140,-331.78076,1187.63135
0.70463,-0.27484,18.58427,663.95441,0.75436,-0.27775,-263.68167,783.06812
0.84358,-0.31941,-398.00351,598.68848,0.76146,-0.32755,-726.47150,473.73618
0.79519,-0.18011,-590.70679,-1561.32520,0.75287,-0.36579,180.39571,-1986.18701
0.68450,-0.32004,674.02393,73.67010,0.83052,-0.30759,684.78729,342.32217
0.70846,-0.30144,-280.77621,17.28717,0.73571,-0.26848,-344.35638,-102.16847
0.67496,-0.25475,1577.69629,-5.54901,0.81285,-0.32200,1680.00842,658.68268
0.74208,-0.43234,843.11658,372.28537,0.83158,-0.32723,725.39099,733.12817
0.74519,-0.27557,-539.13635,-326.26617,0.76205,-0.29769,-468.70569,-611.24286
0.71988,-0.33113,-298.90985,515.53040,0.75933,-0.30006,-572.53552,452.68665
0.67517,-0.30046,-117.36159,-88.60295,0.78693,-0.27770,-97.29028,-146.92465
0.76463,-0.26733,-76.37965,230.27963,0.80909,-0.26923,-170.25832,227.96284
0.73978,-0.27537,-685.66345,641.76727,0.70185,-0.23145,-1153.08923,534.14630
0.60658,-0.37411,659.49731,1585.78149,0.78576,-0.22171,249.97798,2088.68506
0.80014,-0.41406,-328.54047,487.01678,0.75936,-0.25997,-583.79718,441.48727
0.77544,-0.22991,627.68292,753.25476,0.79472,-0.22968,476.12402,1085.42505
0.75282,-0.33729,18.37947,790.53430,0.76750,-0.27730,-307.99545,918.73914
0.77059,-0.30243,708.26965,-267.39368,0.80063,-0.22492,906.89575,-79.20496
0.72599,-0.28314,597.84442,-506.81671,0.78187,-0.33412,880.79242,-271.82379
0.70081,-0.32798,913.26428,817.10370,0.78874,-0.20856,826.18176,1254.41699
0.69827,-0.18790,-804.34644,-631.72485,0.73917,-0.24338,-727.85834,-1094.29272
0.79740,-0.27100,511.05304,-343.48215,0.75264,-0.28171,745.40393,-177.36513
0.74710,-0.30798,319.26904,186.37352,0.80147,-0.26811,288.30203,328.98468
0.68701,-0.25273,1203.34082,-173.11797,0.77881,-0.20173,1501.90308,166.75047
0.80791,-0.32554,76.77216,615.31207,0.71140,-0.27346,-195.65050,789.72540
0.75047,-0.16214,159.20010,-71.15086,0.77419,-0.24309,213.44655,-24.88301
0.77183,-0.27297,-445.64972,360.19043,0.70398,-0.20426,-720.81311,302.50851
0.79005,-0.25838,-137.49951,-205.55991,0.72710,-0.24626,-83.75047,-311.07813
0.76465,-0.24518,289.90607,244.64603,0.74626,-0.23081,262.02347,408.87112
0.68058,-0.23336,4.72418,118.88962,0.77605,-0.17188,-26.54153,147.32086
0.74428,-0.17314,65.43093,-507.87134,0.71356,-0.23383,293.42160,-615.59509
0.80346,-0.22194,291.46091,-395.62579,0.78807,-0.24218,478.88605,-354.85376
0.70783,-0.21530,537.62244,-659.54639,0.79602,-0.28455,861.48145,-520.60535
0.67461,-0.24132,1225.99377,682.78711,0.80567,-0.19684,1240.60059,1150.58594
0.72341,-0.26861,64.95874,-779.70471,0.71759,-0.31527,476.01578,-877.42426
0.84028,-0.15692,-552.26935,-58.90392,0.74336,-0.24579,-646.09930,-292.86847
0.77654,-0.29999,-931.72119,573.97693,0.72266,-0.21528,-1401.52075,376.73416
0.74092,-0.20168,-120.92322,35.69024,0.74499,-0.24168,-160.92224,-4.29687
0.73173,-0.21382,-55.77087,308.85068,0.75875,-0.20798,-172.14790,359.86554
0.75755,-0.18816,-500.65961,18.00580,0.76756,-0.17793,-624.17212,-121.23276
0.80367,-0.18667,-279.15244,517.95215,0.75959,-0.24967,-533.94934,506.38531
0.84746,-0.22567,-735.24976,-366.95978,0.83680,-0.21463,-718.87677,-622.91528
0.70904,-0.11552,-193.82941,-595.50098,0.75185,-0.21413,-29.80508,-800.53143
0.75514,-0.25137,-30.99077,40.69461,0.77063,-0.19315,-50.29108,40.20185
0.85815,-0.04394,-1214.00269,-2338.36255,0.77821,-0.25339,-525.88141,-3176.01489
0.77537,-0.07642,34.50311,-98.97357,0.74383,-0.18495,74.84275,-114.44942
0.68619,-0.30900,981.72034,1015.42480,0.74110,-0.17113,957.24915,1591.20740
0.73667,-0.14571,-78.77252,416.17145,0.76141,-0.18366,-222.35924,492.94073
0.70629,-0.18546,177.92651,70.83952,0.76600,-0.12055,212.46463,125.91746
0.73350,-0.16544,850.37946,22.98557,0.76036,-0.19003,1045.53101,291.53430
0.79920,-0.20104,717.79810,303.16110,0.80168,-0.15333,793.99182,530.01794
0.72863,-0.12865,191.57016,-657.10742,0.74567,-0.12403,392.62698,-815.91614
0.66265,-0.16736,296.24310,-155.79486,0.71355,-0.16467,442.01440,-116.33382
0.80179,-0.14289,-172.49919,-1210.08984,0.78191,-0.21544,191.26958,-1494.90247
0.78763,-0.14345,-738.40643,474.81274,0.73875,-0.17943,-1091.26648,377.66699
0.74253,-0.15930,-666.41223,127.39819,0.76536,-0.12066,-875.20703,28.47411
0.71383,-0.18893,911.59418,-244.63931,0.75403,-0.15100,1224.81445,-79.15685
0.76386,-0.11606,133.08044,106.63348,0.77117,-0.12365,146.62828,161.78613
0.72829,-0.19828,-136.87843,531.28107,0.70862,-0.14134,-329.59183,683.99493
0.78203,-0.11294,-14.57140,-434.81021,0.74394,-0.13946,86.92783,-568.17657
0.72777,-0.15224,734.18323,-418.67249,0.74594,-0.16607,1056.81799,-325.98395
0.74127,-0.08524,554.15613,64.70192,0.75999,-0.14095,689.64764,213.04001
0.72494,-0.11926,1185.08496,-457.24182,0.75898,-0.15017,1617.31091,-282.45660
0.80051,-0.07256,-358.82907,-1050.41907,0.72588,-0.19266,-103.00484,-1474.44250
0.78339,-0.08759,768.83319,-923.56482,0.72281,-0.14553,1269.47668,-1022.16095
0.68761,-0.25176,99.83960,722.04846,0.71036,-0.24202,-184.35561,953.64838
0.76449,-0.13220,227.68759,-92.48981,0.78273,-0.11588,301.77032,-73.48820
0.79805,-0.09066,-908.05688,345.96060,0.73266,-0.14581,-1282.57751,216.94946
0.69565,-0.12244,873.28638,-452.04401,0.72689,-0.15772,1276.25769,-344.96213
0.81020,-0.10299,-893.48889,-1048.77271,0.74571,-0.21512,-731.58612,-1617.45374
0.75930,-0.10390,326.19464,125.34925,0.76176,-0.08837,403.69006,211.38405
0.70649,-0.08645,-216.41937,270.34763,0.74648,-0.16204,-351.95010,285.76688
0.76446,-0.09063,493.37085,-335.40176,0.79935,-0.13490,668.97095,-306.69501
0.79115,-0.09629,-137.93530,-24.60593,0.77145,-0.10627,-171.15892,-55.47266
0.78094,-0.02610,-187.59802,-300.16223,0.73439,-0.13153,-176.57993,-440.35095
0.70864,-0.13260,445.94339,-507.79294,0.81666,-0.17925,651.16516,-478.87238
0.75298,-0.10846,-434.94156,727.85718,0.72061,-0.08547,-713.33344,925.44800
0.73732,-0.08489,-673.45538,235.80492,0.73592,-0.14573,-941.65216,133.95325
0.74511,-0.12040,158.31830,178.58813,0.77758,-0.10340,170.05557,252.28627
0.80012,-0.08993,-5.88322,56.48127,0.83095,-0.12295,-16.77024,65.49074
0.73714,-0.08589,222.14284,-589.86475,0.73837,-0.09333,395.51160,-748.88550
0.76181,-0.08556,-625.48785,-252.51096,0.74767,-0.14515,-743.01416,-481.97971
0.77040,-0.09548,-796.58209,-57.71549,0.77177,-0.04791,-1023.56818,-138.32835
0.76214,-0.10155,254.22324,367.52341,0.77854,-0.06280,286.59772,495.18622
0.78188,-0.17722,142.24973,1524.99915,0.76849,-0.06867,7.70777,1985.09460
0.87050,-0.03125,-830.20752,-613.20544,0.77587,-0.08962,-965.85724,-901.90948
0.73964,0.08535,-9.09265,-1784.91663,0.74297,-0.13011,396.32816,-2333.00757
0.72948,-0.10730,70.09369,245.86508,0.71530,-0.06068,68.34386,349.52240
0.71454,-0.04566,-311.05731,-405.65192,0.73183,-0.01569,-412.96872,-563.15131
0.79456,-0.05633,-1522.37549,81.33347,0.69296,-0.07654,-2183.23730,-123.77432
0.77701,-0.03082,-335.05774,-104.60519,0.75037,-0.06858,-430.18582,-178.72256
0.73261,-0.02397,228.20132,-693.09229,0.78712,-0.06871,364.00790,-848.76349
0.78581,-0.05339,-292.25845,307.18311,0.72972,0.01161,-393.71024,427.21957
0.74059,-0.04681,426.97580,446.99673,0.73978,-0.07244,513.07391,654.46783
0.80488,-0.04636,-561.24878,160.30464,0.74747,-0.05215,-762.12109,161.29639
0.72541,-0.02874,160.40378,406.33151,0.80061,-0.04511,171.20866,517.17419
0.77220,0.02279,305.06470,-430.00735,0.72544,-0.03598,448.82309,-570.49280
0.78112,-0.09239,89.64140,586.82214,0.73591,-0.06739,48.38287,801.84595
0.76983,-0.00451,-303.04037,-411.11658,0.76652,-0.04848,-359.98492,-559.10425
0.75864,-0.03969,-470.45474,185.02252,0.68493,-0.06165,-705.46307,206.63921
0.76383,-0.00184,436.29700,134.25113,0.78187,-0.03598,548.95331,196.96815
0.77754,0.01648,-472.96588,531.09277,0.66831,0.02113,-681.89233,816.23468
0.76237,-0.01507,-249.72751,112.72017,0.73468,-0.03621,-346.63092,136.34215
0.76918,-0.03163,-100.80424,-188.62392,0.72155,-0.08542,-107.25329,-274.11328
0.76193,0.03678,239.01544,-674.16101,0.81221,-0.02742,321.92825,-819.16528
0.73286,-0.02308,-338.06403,-38.14353,0.71706,-0.09989,-455.21185,-116.60756
0.78072,0.03573,-444.41989,450.34808,0.77745,0.03355,-545.62146,602.81055
0.75387,0.01308,-7.32678,203.87743,0.77306,-0.01189,-13.52997,263.51852
0.75590,0.01071,257.49023,386.87653,0.73600,-0.01099,341.92130,530.75183
0.79384,-0.00645,-51.16138,-324.36023,0.73640,-0.07395,-24.99101,-442.97955
0.77231,0.00781,-0.96707,-20.39419,0.78605,0.00236,-1.30812,-25.94117
0.80957,-0.00209,-59.97028,-335.27792,0.74217,-0.08339,-29.67238,-455.09006
0.77041,0.00109,-109.69348,655.49921,0.79240,-0.07385,-213.67381,807.31580
0.78490,0.00664,-455.33615,-305.01852,0.77790,0.01284,-591.65369,-382.34296
0.78280,-0.02176,-677.46716,63.94794,0.79349,-0.02743,-855.54987,51.01782
