1556.84021,-0.26184,53787.03516,-52.73047,1573.00342,-0.33276,34.19385,-0.02629
5.42376,1.37328,-176.13821,-123.93845,5.46915,1.36927,-35.64506,-13.73721
5.06464,2.67393,-67.72416,-91.62827,5.09252,2.74415,-17.81993,-8.39028
4.44377,3.9468,-69.32766,-44.54251,4.50885,3.97948,-13.54433,2.07523
3.67736,5.13963,-45.06562,-62.45384,3.67493,5.26767,-11.98928,0.19095
2.52237,6.30487,25.45298,5.00953,2.54956,6.38963,2.04749,-3.1665
1.2186,7.39359,-38.52088,132.53583,1.18579,7.51231,16.42388,7.72014
-0.52948,8.40216,-191.29727,109.8545,-0.55092,8.53923,14.25067,21.48278
-2.65039,9.3314,-214.33304,-16.17,-2.71484,9.51699,4.36977,21.27456
-5.52823,10.44576,-154.15729,-48.96885,-5.59742,10.56502,2.4171,13.31069
-10.09152,11.97464,-163.63287,-51.58218,-10.16635,12.09308,4.16576,10.02907
-19.35092,15.06535,-140.52911,-131.94922,-19.60513,15.18131,1.22298,7.67736
-62.4605,29.60745,-4.66203,-137.2639,-63.00932,29.89944,-0.78336,1.80675
63.60973,-14.36751,47.6727,7.6558,64.2443,-14.55345,0.68015,0.27324
20.70715,0.00949,-58.86876,91.38438,20.86751,0.04422,-2.81178,4.38523
11.71491,2.70682,-129.33347,42.3732,11.77765,2.66157,-9.67417,5.78398
7.61469,3.64012,-121.32302,29.731,7.69732,3.66401,-11.35111,9.26578
5.20237,4.06661,-183.27435,42.32017,5.33687,4.08516,-17.8263,21.5751
3.64839,4.23649,-243.80264,-67.18311,3.69798,4.22447,-37.60617,24.79271
2.60319,4.32937,-140.1434,-182.84221,2.57672,4.40302,-44.80771,5.60675
1.75812,4.49751,-6.25623,-126.07253,1.79834,4.45314,-24.82905,-8.62199
1.14431,4.58959,-15.43419,-26.42191,1.08375,4.54013,-6.27364,1.90195
0.57337,4.66749,-47.65892,-24.00792,0.56235,4.75279,-6.15166,9.2997
-0.02704,4.87554,-16.78435,7.43981,0.02901,4.92901,1.4893,3.41398
-0.49305,5.07271,-75.39501,99.21264,-0.54477,5.21748,20.3029,12.33058
89.33155,-47.92102,-220.61923,61.66629,90.34991,-48.46866,-2.18047,-0.4872
-1.7984,5.78019,-230.35226,-91.32892,-1.80023,5.81195,-3.13653,40.60577
-2.67389,6.09209,-122.48214,-137.40988,-2.64486,6.16203,-11.62604,24.86705
-3.59564,6.29793,-89.27922,-97.71346,-3.59272,6.40367,-5.65652,17.11543
-4.67515,6.50775,-82.5122,-123.52423,-4.74789,6.57822,-6.39379,17.15801
-6.0491,6.65279,13.1461,-118.03016,-6.03192,6.71269,-10.70175,7.65803
-7.4817,6.73471,47.61613,18.90657,-7.52024,6.77289,-2.24584,-4.53675
-9.24746,6.68775,-82.32346,99.74654,-9.3058,6.74877,10.89156,-2.81996
-11.32895,6.53117,-180.73172,16.69095,-11.47481,6.58374,12.47738,5.70439
-14.16616,6.39887,-152.63531,-50.40257,-14.38097,6.46492,7.51866,6.8848
-18.54948,6.52966,-155.7261,-45.96719,-18.84191,6.56964,6.61059,4.74455
-27.82742,7.60442,-187.19073,-118.69476,-28.12973,7.70503,5.11501,5.6206
-71.51823,16.64037,-86.53535,-208.43578,-72.27361,16.80615,0.49968,3.00018
58.12417,-14.56078,47.19769,-132.14587,58.73844,-14.71175,1.2863,-1.92756
14.91083,-5.63518,20.92946,2.42105,15.06898,-5.72934,1.16012,0.60175
6.50707,-4.75264,-66.00616,10.55776,6.54782,-4.92854,-7.20963,-3.81428
3.18521,-5.13311,-67.77068,-7.95807,3.22828,-5.15707,-4.80163,-10.13554
1.81205,-5.66157,-102.40276,39.09575,1.82185,-5.71589,-11.3927,-14.2842
1.30946,-6.25126,-215.02698,-4.1933,1.31827,-6.27249,-6.25973,-32.9654
1.5142,-6.68376,-208.51793,-157.83179,1.5029,-6.75761,15.71623,-34.35205
1.88826,-7.0623,-67.06542,-200.41269,1.9398,-7.13593,23.77348,-15.86076
2.60126,-7.20862,-7.14285,-115.46296,2.61831,-7.28073,13.73019,-5.91875
3.36832,-7.1397,-31.14421,-89.69534,3.43439,-7.13419,8.501,-8.45785
4.21585,-6.84075,10.6016,-86.70361,4.26689,-6.88118,9.79086,-4.53046
5.02532,-6.29789,26.52636,18.48897,5.04931,-6.40183,0.23431,3.95875
-94.57123,-33.73074,-104.14081,82.03542,-95.52292,-34.10406,0.69501,-1.10694
6.25212,-4.68798,-209.88089,-27.82326,6.34042,-4.77833,-19.00238,-18.70901
6.65465,-3.84693,-153.86571,-133.83325,6.65938,-3.85726,-8.58445,-25.06924
6.74925,-2.85143,-97.92414,-123.22464,6.8446,-2.8746,-5.73434,-20.41151
6.57928,-1.94242,-107.50897,-142.65688,6.62367,-1.93994,-9.13921,-24.21411
6.13264,-1.01486,-32.53755,-197.92854,6.22073,-1.07629,0.2665,-31.77147
5.40422,-0.47766,81.70775,-116.4621,5.56511,-0.42562,16.18796,-19.68911
4.53158,-0.14525,36.02079,29.25955,4.54761,-0.15816,7.68775,6.70141
3.21743,-0.36349,-92.86205,29.24125,3.25126,-0.35102,-29.19264,5.84203
1.48009,-1.43065,-113.56787,-42.63021,1.55714,-1.53015,-23.41781,-50.38905
-0.859,-4.31072,-107.85854,-38.66327,-0.94448,-4.3492,13.63239,-21.83917
-5.09243,-12.13287,-174.1506,-70.72389,-5.12796,-12.23949,9.98666,-10.04449
-21.42395,-53.03146,-154.326,-199.88286,-21.67801,-53.63531,4.20305,-1.17856
22.84224,70.68113,-2.11316,-229.12819,23.09985,71.45042,-2.91201,-0.91187
6.57008,29.36973,65.8239,-106.63091,6.65695,29.6785,-2.94711,-2.87894
2.46147,20.91626,3.48337,-41.96614,2.52972,21.12214,-1.93926,-0.39717
0.16561,16.97971,-11.50983,-56.33525,0.21571,17.16168,-3.29053,0.62931
-1.34454,14.50807,-5.30295,-1.21195,-1.34508,14.62133,-0.04911,0.3672
-2.61698,12.61505,-114.55052,38.51192,-2.65283,12.76514,4.67975,8.00116
-3.47349,11.09124,-206.14911,-80.95325,-3.50888,11.21498,-1.33637,18.79971
-4.22755,9.80596,-123.35297,-203.73013,-4.28695,9.87093,-12.79817,18.05484
-4.78455,8.54443,-19.49592,-175.06918,-4.7883,8.61327,-14.56569,10.36086
-5.10658,7.44251,-20.33739,-135.18669,-5.19905,7.51337,-10.90038,10.24959
-5.40962,6.35463,10.57725,-157.93387,-5.4195,6.45351,-15.15869,11.0909
-5.47142,5.41888,89.73019,-89.76192,-5.56636,5.45021,-16.29107,0.17464
97.05649,-0.90073,31.19917,42.52407,98.01904,-0.94437,0.31409,0.43686
-5.34431,3.6946,-116.85913,26.78967,-5.31122,3.72485,17.11956,6.96227
-4.9519,2.98064,-140.51929,-91.06158,-5.04309,3.0197,12.55156,25.57233
-4.55676,2.37081,-86.31058,-118.88769,-4.53796,2.38856,4.09546,28.35412
-3.89144,1.89429,-102.11221,-123.02692,-4.03668,1.86629,9.23208,34.74551
-3.18016,1.55045,-81.21013,-209.13429,-3.23851,1.6246,-5.84733,61.64392
-2.30274,1.35956,57.07682,-219.54245,-2.27594,1.48036,-61.71255,56.32227
-1.14137,1.60856,116.52206,-78.16633,-1.16543,1.59309,-66.81548,-24.26321
0.34469,2.26354,17.79445,6.12933,0.3496,2.28032,3.7951,-7.22165
2.27158,3.63805,-45.21136,-36.78514,2.27494,3.61631,-12.92274,4.37264
5.13541,6.37089,-35.46785,-39.94498,5.22875,6.45837,-6.42186,0.29257
11.04925,13.30815,-101.53914,-20.39296,11.2355,13.42613,-4.61551,3.70037
37.76377,47.80589,-167.99013,-128.26385,38.11967,48.36152,-3.32462,0.85309
-39.6693,-55.06683,-68.21661,-244.22403,-40.17035,-55.73404,3.46442,1.27302
-13.26689,-20.32817,63.03521,-192.985,-13.34928,-20.49757,5.2047,6.46487
-7.71965,-12.87788,56.76763,-99.73698,-7.8011,-13.08851,3.71526,6.55161
-5.24578,-9.46788,33.04541,-100.03693,-5.35665,-9.50125,6.50147,7.14343
-4.01367,-7.19014,72.51693,-64.61774,-4.08585,-7.2791,2.49809,11.36456
-3.43317,-5.62923,18.15302,34.82897,-3.51045,-5.71021,-5.84482,-0.41415
-3.22603,-4.38994,-125.86475,4.45169,-3.24334,-4.49689,12.62809,-18.88141
-3.2876,-3.5631,-140.1881,-141.38702,-3.32083,-3.59018,40.68795,-1.41225
-3.5133,-3.02097,-39.1649,-184.88303,-3.58785,-3.0172,31.77746,24.80703
-3.95048,-2.70187,-11.83562,-148.98257,-4.00049,-2.68534,19.27282,24.30416
-4.40462,-2.58665,-4.91424,-181.46007,-4.46658,-2.75732,18.95586,28.9243
-4.90243,-2.88656,96.31519,-180.35983,-4.90724,-2.93502,1.73474,35.71626
94.79634,5.71729,136.92783,-43.70009,95.84956,5.80093,1.39586,-0.5404
-5.42251,-4.13655,15.35424,41.06012,-5.53767,-4.18212,-5.33154,-3.38825
-5.3367,-5.06078,-78.32529,-33.85543,-5.50294,-5.1185,10.69925,-3.79954
-5.13346,-6.05865,-51.82307,-91.21819,-5.19445,-6.09499,12.86685,2.46319
-4.52306,-7.17767,-61.80993,-81.34921,-4.59015,-7.22278,11.89662,-0.99722
-3.46621,-8.16537,-100.02364,-154.74506,-3.49525,-8.28347,20.18284,-3.55883
-2.00322,-9.20068,-3.0511,-248.6479,-2.01254,-9.24834,25.73863,5.27111
-0.07466,-9.84636,132.59532,-177.87204,-0.10717,-9.97876,17.68031,13.47764
2.53992,-10.39046,111.03638,-47.90066,2.51033,-10.46662,6.73356,8.99363
5.93085,-10.31874,32.85744,-39.54674,6.00845,-10.44562,4.20427,0.72722
11.01757,-9.60978,38.42347,-51.01997,11.07093,-9.62682,4.25822,-0.90569
20.8034,-7.21688,4.80009,5.69795,21.04182,-7.34977,0.11902,0.31236
63.04902,4.16028,-111.8841,-30.29593,63.741,4.16581,-1.77876,-0.35905
-57.48858,-27.5299,-109.95228,-179.65245,-58.15966,-27.83033,2.74101,1.77734
-15.6996,-15.55462,24.16918,-222.79604,-15.81945,-15.65985,6.26982,7.87711
-6.51392,-12.0402,79.97182,-143.38974,-6.61205,-12.20843,6.33821,9.9833
-2.46372,-9.62332,58.67139,-124.5791,-2.48692,-9.67879,10.6131,8.78884
-0.33743,-7.51166,108.09261,-123.90175,-0.30368,-7.60078,15.70792,14.84883
0.75702,-5.55659,131.52225,-15.33908,0.79455,-5.6807,5.82455,22.33778
1.12489,-3.93531,4.73816,54.67006,1.15297,-3.96205,-12.40033,4.80443
0.94725,-2.54635,-98.84753,-45.86784,0.94284,-2.60738,3.43394,-39.15238
0.32237,-1.4605,-47.53058,-143.35931,0.31466,-1.48918,85.69745,-50.02499
-0.61541,-0.79541,-0.14325,-129.90906,-0.61618,-0.81602,101.47311,76.44749
-1.61091,-0.48229,-16.25571,-153.118,-1.64345,-0.55038,36.94903,80.79464
-2.72687,-0.66569,57.90573,-214.64832,-2.75113,-0.6091,-3.59757,78.81824
-22.55588,-97.01334,175.99983,-136.5197,-22.79875,-98.07659,0.92484,2.0095
-4.39193,-1.94909,136.64473,6.40686,-4.43879,-2.00289,-26.11784,10.34162
-4.86674,-3.12511,16.00567,9.85882,-4.94694,-3.13443,-3.20965,0.04075
-4.90731,-4.38244,0.08332,-52.73507,-4.99018,-4.44775,5.23979,5.89754
-4.63565,-5.73604,3.04625,-38.50017,-4.58333,-5.8172,3.82888,3.5404
-3.64413,-6.9766,-70.17155,-65.05127,-3.6809,-7.03939,11.35012,-4.03343
-2.25303,-7.96259,-57.71932,-194.16737,-2.36435,-8.04116,24.16783,-0.07189
-0.50416,-8.52342,89.34601,-225.43272,-0.40735,-8.54993,25.81015,11.67962
1.93487,-8.28947,155.82712,-109.78312,1.94492,-8.42393,16.42747,14.70537
4.82735,-7.15254,98.5406,-51.01202,4.93746,-7.23094,11.1577,6.00888
8.57845,-4.10385,92.526,-64.95081,8.64432,-4.13615,11.63505,-1.94653
14.30612,3.63309,105.05934,-3.08019,14.45969,3.66679,6.77592,-1.9313
34.16239,41.35976,-3.11878,45.31923,34.57618,41.76113,0.60716,0.57738
-17.09174,-67.55182,-97.11717,-64.58581,-17.29678,-68.33253,1.22635,-1.11082
2.17754,-29.0683,-21.8219,-182.17122,2.2351,-29.36283,6.11216,-1.20844
6.8741,-19.61238,73.03661,-153.96881,6.91163,-19.85718,8.05783,0.87343
9.04081,-14.23079,67.1361,-120.74377,9.07412,-14.31021,8.13965,-0.46987
9.98857,-10.07049,100.24297,-150.2314,10.04901,-10.26551,12.35464,-2.32906
9.99374,-6.75509,185.536,-84.95227,10.12937,-6.79733,16.50996,2.69231
9.45499,-3.86781,135.18449,49.11589,9.54786,-3.8776,10.36062,9.35186
8.34906,-1.52112,-7.85574,39.96314,8.41668,-1.52243,-1.73542,4.43418
6.75951,0.30137,-30.52653,-67.49008,6.82748,0.3258,-4.9316,-9.64973
4.82359,1.58229,17.69365,-86.19383,4.87119,1.60269,-1.9756,-17.04462
2.77805,2.09324,-7.81216,-87.8547,2.82318,2.14713,-16.74734,-18.3821
0.62853,2.1478,6.03896,-177.18764,0.68808,2.18184,-73.07018,-25.81172
87.33835,34.31419,140.82809,-193.50708,88.19287,34.56176,0.63885,-2.44449
-3.01891,0.41344,202.95667,-58.08694,-3.05074,0.38328,-67.84825,10.51612
-4.35767,-1.24952,111.28577,23.00015,-4.40851,-1.28568,-24.66695,1.97653
-5.25994,-3.28998,57.03088,-16.20009,-5.33502,-3.31668,-6.34852,6.98332
-5.6177,-5.57132,70.80402,-9.51604,-5.64091,-5.62912,-5.44559,7.12117
-5.27494,-8.031,2.08387,19.86452,-5.3865,-8.11752,-1.81728,-0.94917
-4.38097,-10.51379,-71.12337,-81.30871,-4.43631,-10.66443,8.86462,-2.98161
-2.74357,-12.9965,19.13007,-196.63321,-2.74721,-13.17182,14.01573,4.37557
-0.297,-15.41306,142.94565,-148.675,-0.30012,-15.60386,9.34843,9.34072
3.1398,-17.85716,134.40811,-63.60963,3.15845,-18.03042,4.68983,6.63299
8.02633,-20.58038,115.77467,-70.03965,8.14435,-20.6997,4.83563,3.69047
17.12795,-24.96865,163.3811,-34.24303,17.28568,-25.2379,3.94164,3.77397
53.44664,-44.5344,114.62591,71.10471,54.03616,-45.00161,0.60548,1.82012
-46.6817,14.22995,-25.98696,48.66299,-47.14615,14.48545,0.79343,-0.78839
-10.54226,-4.32891,-43.70587,-86.99128,-10.67463,-4.36905,6.36378,5.5447
-1.92251,-6.99734,48.08347,-123.98788,-1.94265,-7.10839,14.51013,10.72978
2.46002,-7.14945,64.95927,-89.37767,2.46321,-7.24368,13.79321,4.27734
5.04327,-6.37668,66.33633,-128.94055,5.13986,-6.45522,17.23209,-3.44437
6.7455,-5.14067,168.47455,-134.72125,6.79682,-5.18903,25.22009,-0.56696
7.69927,-3.7116,215.1239,-2.16007,7.74147,-3.74977,22.61723,10.67619
7.99888,-2.31951,100.02264,82.70399,8.06533,-2.32965,8.71271,12.7709
7.86787,-0.99627,13.12681,14.68247,7.93278,-1.03886,1.38856,2.0327
7.25533,0.16728,39.99188,-31.48719,7.41872,0.15485,5.29977,-4.35491
6.53573,0.94548,22.98003,-12.97715,6.64548,1.0357,3.07887,-2.43262
5.65563,1.49287,-24.80253,-83.84406,5.66649,1.52107,-7.78777,-12.70599
33.25019,-84.20052,63.48698,-179.4631,33.62715,-85.01832,2.08072,-0.07624
3.63987,1.59548,194.43555,-116.0909,3.69692,1.54667,33.57902,-45.45039
2.75186,1.09598,174.10989,5.722,2.7861,1.05216,55.37114,-18.85701
2.10337,0.30935,103.73666,9.82561,2.1458,0.37131,47.70782,-3.6763
1.73843,-0.61222,117.74872,2.42341,1.81024,-0.64774,57.23837,21.81975
1.66673,-1.72293,87.82578,67.98013,1.69724,-1.74935,5.07344,45.28249
2.04074,-2.98258,-30.68997,41.49948,2.09907,-3.01043,-14.05855,-0.39201
2.85902,-4.2659,-37.11563,-100.76892,2.92111,-4.35925,12.01548,-16.56573
4.3267,-5.66947,86.97804,-141.45064,4.35257,-5.73965,22.94257,-2.24424
6.62921,-6.96465,133.26746,-67.24379,6.76035,-7.12584,14.30457,5.13113
10.61279,-8.51168,109.72855,-57.65619,10.70977,-8.63805,8.8382,1.74501
18.88115,-10.63953,163.72597,-63.54663,19.15136,-10.81151,7.90345,1.1436
56.78684,-18.59863,194.12865,44.03601,57.33738,-18.81269,2.82917,1.69628
-52.45284,3.35668,75.12276,118.06177,-52.98762,3.42016,-1.26864,-2.30999
-14.51326,-4.08281,-25.62871,26.66771,-14.57121,-4.10578,1.15173,-2.15469
-5.93005,-5.42811,21.80547,-59.9439,-5.97799,-5.46531,3.00672,7.27857
-1.64061,-5.67812,58.66021,-40.51983,-1.67299,-5.77388,3.75847,11.24861
1.14338,-5.50313,31.62671,-65.85934,1.16832,-5.55449,12.50152,3.06436
3.19945,-4.9904,99.55573,-134.08696,3.25831,-5.0377,27.77811,1.79568
4.79362,-4.26035,216.61041,-64.95656,4.78481,-4.38239,31.38035,15.16554
6.03019,-3.54573,182.02066,72.36604,6.11237,-3.5293,17.20648,21.77437
6.99573,-2.50239,70.26849,75.29768,7.04442,-2.60418,5.29934,12.64803
7.67692,-1.59347,61.36809,19.85846,7.74979,-1.54637,7.12374,3.9839
8.20627,-0.42416,64.06565,45.08414,8.303,-0.47719,7.37952,5.85398
8.43828,0.56162,-16.16651,26.6789,8.49975,0.5468,-1.69307,3.2477
-63.77073,-45.21845,-12.91815,-98.85461,-64.43214,-45.66811,0.85727,0.92663
8.38772,2.74259,123.33254,-132.9702,8.57635,2.70244,8.63746,-18.22598
8.20957,3.61366,183.35535,-25.89117,8.30123,3.6436,17.37198,-10.74391
7.86046,4.55338,127.76413,23.03809,7.95601,4.54633,13.35321,-4.73479
7.39885,5.26004,129.71309,4.64536,7.50754,5.3119,11.80549,-7.73412
6.93538,5.96008,150.39601,69.7996,6.98471,5.89796,17.49564,-4.7803
6.49995,6.30466,46.45962,126.16422,6.55138,6.37416,13.26821,6.34836
6.07149,6.61841,-49.49367,24.76708,6.1894,6.704,-1.68521,5.82685
6.04601,6.74817,18.3118,-83.90697,6.0764,6.76713,-5.51932,-7.66194
6.62644,6.67195,100.82704,-54.11804,6.63773,6.75269,3.38864,-11.60043
8.4828,6.46834,85.08693,-27.39271,8.50943,6.52359,4.74344,-6.85557
14.42666,6.37387,115.57283,-66.83146,14.65145,6.46763,4.91654,-6.73174
48.98088,8.30092,204.36703,-8.90776,49.48259,8.41921,3.98411,-0.85789
-58.12483,-0.90859,162.3596,122.2648,-58.77103,-0.89964,-2.79377,-2.03759
-23.28812,0.64455,27.11392,116.37369,-23.54532,0.72551,-0.99832,-4.9733
-16.57907,-0.04665,8.14342,18.96595,-16.71468,-0.08306,-0.49283,-1.13224
-13.72703,-1.1797,51.48669,11.07214,-13.86839,-1.15145,-3.75294,-0.48678
-11.87687,-2.40797,15.13537,14.47099,-12.03298,-2.39123,-1.43994,-0.91646
-10.47698,-3.60506,18.10369,-76.8643,-10.59458,-3.67343,0.72018,7.00535
-9.08471,-4.77788,146.07085,-100.02539,-9.14941,-4.77663,-8.0606,15.14064
-7.65059,-5.76703,205.37918,25.27469,-7.80373,-5.85989,-18.38403,10.56592
-6.27021,-6.69498,119.07887,97.88936,-6.27909,-6.75281,-16.56801,2.22824
-4.79166,-7.28989,74.71706,57.8769,-4.80115,-7.39257,-10.12323,3.53245
-3.18104,-7.72334,95.42598,71.75943,-3.26644,-7.83532,-12.12793,7.12298
-1.69576,-7.87686,26.39186,111.07832,-1.75841,-7.99844,-13.93921,0.23518
19.121,71.20043,-53.13939,17.299,19.27281,71.87321,0.03958,0.74996
1.08522,-7.53111,26.70507,-93.31792,1.099,-7.60873,12.51053,1.70278
2.30634,-7.05312,138.61195,-48.75512,2.3272,-7.14131,11.88979,15.53525
3.30493,-6.46404,123.44575,25.90379,3.29987,-6.52171,4.46292,16.67027
4.00438,-5.72046,107.09164,8.7417,4.07894,-5.78217,7.71449,13.07895
4.60984,-5.14095,162.48932,39.29696,4.70983,-5.12574,11.63682,21.00804
4.9861,-4.44709,122.40572,146.08278,5.0002,-4.5367,-1.11182,28.20664
5.21292,-4.15794,-13.76694,131.3541,5.22377,-4.23727,-13.89185,13.87707
5.28364,-4.18767,-31.85748,6.0191,5.31016,-4.20372,-4.2397,-2.2228
5.4112,-4.89459,50.96099,-22.45835,5.48883,-4.91497,7.18623,2.34325
5.9481,-6.973,54.8856,12.52296,6.00822,-6.9976,2.84646,5.39949
8.02029,-12.65961,46.70291,-34.39347,8.17547,-12.69574,3.58946,1.36718
21.48233,-42.67543,145.69038,-49.89591,21.65376,-43.10938,2.27977,2.23443
-21.91335,47.74788,195.84209,72.4487,-22.21921,48.25987,-0.30293,-3.9186
-8.4174,17.28964,88.98222,152.74525,-8.48882,17.48564,5.07003,-7.55024
-6.15504,10.81289,11.76769,88.16756,-6.19278,10.93463,5.64352,-4.27237
-5.34762,7.63698,42.44205,52.38361,-5.40867,7.75723,1.97696,-6.84971
-4.88775,5.62401,20.23523,81.18681,-4.93038,5.70469,6.39164,-9.07121
-4.47899,4.03089,-37.87367,15.04638,-4.57451,4.02377,6.29893,2.2514
-4.10023,2.73572,39.44957,-83.04452,-4.17847,2.7535,-15.71408,9.51923
-3.6656,1.65579,160.96182,-26.9711,-3.63493,1.75368,-38.82486,-11.3111
-3.03899,0.80566,138.78506,82.69215,-3.10664,0.87213,-34.48353,-36.29852
-2.45665,0.23826,75.26204,77.54447,-2.46472,0.26491,-26.84409,-34.34708
-1.82018,-0.18292,99.54342,69.20141,-1.75278,-0.23714,-61.01658,-31.22578
-1.15237,-0.38821,76.58656,141.03589,-1.15834,-0.43686,-98.08611,-84.76408
-0.53742,-0.40679,-40.79228,123.91158,-0.60173,-0.47026,-57.82478,-160.73459
-0.04691,-0.43143,-52.78576,-9.32652,-0.10836,-0.42335,50.62926,-111.72784
0.39575,-0.21691,59.39043,-45.77613,0.38613,-0.174,172.25179,-40.93045
0.58532,0.02361,93.12283,23.43111,0.56797,0.03067,165.70325,32.30511
0.66565,0.29909,63.50462,21.42615,0.69506,0.32057,87.06339,-9.32843
0.68545,0.61486,120.19681,4.37495,0.64083,0.61698,100.7477,-90.1717
0.56555,0.72913,158.34863,105.48438,0.6163,0.84595,170.54539,-62.93665
0.35566,0.94232,47.764,179.94336,0.36494,0.88208,193.31358,25.82881
0.09672,0.9045,-45.28136,95.70468,0.06871,0.92007,99.78719,56.66745
-0.20378,0.8347,1.29764,20.69192,-0.18684,0.80967,23.91272,-7.12087
-0.43538,0.49241,28.42825,47.94939,-0.38836,0.55603,33.95915,-74.84549
-0.67921,0.1511,-11.10592,22.26565,-0.64078,0.15808,24.41786,-28.72365
-0.741,-0.24253,47.28001,-53.17308,-0.66084,-0.31389,-27.19143,93.3791
-0.61519,-0.83804,160.40096,4.76562,-0.69312,-0.85709,-94.8637,110.4308
-0.48054,-1.4379,129.29021,130.81125,-0.50486,-1.47796,-106.01897,51.26366
0.01541,-2.06878,27.79407,127.85769,0.02708,-2.10443,-60.57662,13.98683
0.52022,-2.66225,29.46914,76.47071,0.5364,-2.67904,-25.32633,16.07076
1.40803,-3.19715,35.84932,111.64163,1.38194,-3.21465,-25.26573,22.01335
2.22921,-3.61642,-48.88703,102.779,2.38171,-3.58379,-26.18116,3.75827
3.39703,-3.9606,-55.959,-17.76496,3.47921,-4.00367,-4.39208,-10.16019
4.89512,-4.28135,68.80698,-52.84649,4.94804,-4.33818,13.15656,0.85469
6.7946,-4.63022,119.05363,44.62743,6.83574,-4.69583,8.78559,12.56383
9.58657,-5.32437,62.63208,79.86606,9.66016,-5.43485,1.39167,9.05053
15.3492,-7.34964,72.36631,52.0252,15.52016,-7.4845,2.47144,4.54394
42.55806,-19.41072,103.15429,115.65374,43.00098,-19.65255,0.96758,3.13177
-38.22495,19.25309,8.07753,176.823,-38.57124,19.50672,1.67947,-3.73496
-11.41042,7.32826,-85.40042,85.36744,-11.48125,7.43548,8.63284,-1.84458
-6.29047,5.4702,-23.36134,-13.04866,-6.40418,5.5393,1.07856,2.97042
-4.47982,4.964,46.30513,20.55266,-4.55885,4.96547,-2.3998,-7.12214
-3.87979,4.70769,18.25323,40.96104,-3.9145,4.81263,3.26566,-6.44901
-3.82642,4.67489,43.57661,-10.1843,-3.87353,4.70453,-5.83539,-4.45807
-4.04381,4.45671,134.79181,36.0466,-4.10926,4.47254,-10.6446,-20.35768
-4.54546,4.1184,99.81064,158.97781,-4.61136,4.20249,5.33941,-29.60924
-5.1483,3.63516,-23.54343,152.57922,-5.17164,3.68281,16.96096,-17.4249
-5.69388,2.9527,-34.10724,63.41537,-5.76413,2.9808,9.15753,-6.2661
-6.16871,2.12497,7.99361,67.39374,-6.18778,2.13729,2.20682,-10.12917
-6.52443,1.14567,-37.69424,78.11793,-6.56822,1.11582,7.54168,-10.61212
58.50548,16.04687,-47.19258,-13.59632,59.09349,16.10848,-0.80175,-0.01153
-6.7765,-1.13703,71.24012,-43.71679,-6.78469,-1.17515,-9.11075,8.02148
-6.55105,-2.43646,126.07964,68.77843,-6.65702,-2.42136,-20.04533,-3.04062
-6.18785,-3.60571,44.76017,128.50626,-6.20898,-3.63291,-14.39178,-12.27612
-5.58154,-4.85369,12.36293,82.89393,-5.68462,-4.87181,-8.459,-7.33264
-4.8593,-5.91247,43.82159,100.99625,-4.96387,-6.04767,-13.53141,-3.86043
-4.04057,-7.02684,-20.92505,149.56482,-4.07075,-7.03705,-14.63608,-11.44016
-3.10794,-8.04921,-103.163,66.58559,-3.12114,-8.13601,-2.89395,-13.78998
-2.08941,-9.18724,-33.22393,-38.31031,-2.11388,-9.27074,4.70493,-2.51094
-1.1166,-10.49684,65.26618,4.31608,-1.13545,-10.5746,-1.05867,6.0583
-0.34448,-12.72766,40.78562,67.79404,-0.31408,-12.81986,-5.36293,3.05005
0.28906,-17.7468,24.99555,36.70566,0.27315,-17.95764,-2.02237,1.42268
-0.93258,-44.39924,88.52026,57.90434,-0.92292,-44.78432,-1.33313,1.94912
6.09129,37.41531,59.36553,161.14192,6.13899,37.83962,4.39734,-0.85546
4.57508,11.14211,-66.85764,151.58875,4.69792,11.25593,9.35817,9.84562
4.60366,6.55337,-81.13235,37.47803,4.66413,6.6226,-1.98452,10.85319
4.69758,5.09277,-4.6371,19.93102,4.76033,5.0914,1.63437,2.43886
4.69831,4.65499,-13.58007,57.6989,4.77023,4.70566,4.60443,7.55352
4.68755,4.72926,-32.97732,4.45796,4.64683,4.71173,-3.01953,4.02105
4.38575,4.93732,60.45001,-23.13543,4.45657,4.99211,3.43675,-9.04105
3.98577,5.23884,112.06647,87.21354,4.06084,5.28612,20.61745,-5.36165
3.4323,5.51918,15.13184,157.7773,3.62029,5.62469,21.05841,10.86384
3.00672,5.88778,-48.46324,93.20876,3.0199,5.89592,9.1883,12.92606
2.35409,6.04482,-9.34494,66.61048,2.37051,6.10643,8.96341,5.00992
1.68993,6.18833,-32.4773,106.90401,1.63716,6.20256,14.82085,9.14806
-32.1114,-44.76612,-98.67862,48.52905,-32.40707,-45.17416,0.32535,-1.95101
0.20541,6.09684,-33.42481,-49.22331,0.17598,6.14173,-8.16381,5.20833
-0.50366,5.81412,77.13265,-0.62251,-0.58564,5.84862,-1.41284,-13.04671
-1.31258,5.47168,50.83292,94.718,-1.28993,5.53328,14.20431,-12.4981
-1.98921,5.01132,-5.95486,76.3363,-1.98807,5.00348,13.58479,-4.2076
-2.59442,4.32753,31.00689,62.95921,-2.62815,4.28212,7.45167,-11.81449
-3.22956,3.40988,19.1786,138.47208,-3.23624,3.40318,18.55275,-23.27817
-3.62593,2.2577,-92.36224,130.58388,-3.63279,2.27366,34.43386,-14.39473
-3.98184,0.92852,-106.32018,8.75699,-3.98307,0.93153,25.79626,3.83447
-3.98904,-0.93816,-4.63922,-20.39145,-4.0461,-0.96588,2.22299,4.50911
-3.85571,-3.77591,15.3108,45.87665,-3.87894,-3.79715,-7.92784,-4.06644
-2.96251,-9.34259,-22.47558,32.14969,-2.92691,-9.40333,-2.43872,-3.14926
2.01734,-33.92786,35.17368,1.71145,1.96682,-34.30273,0.00887,1.02488
-12.26858,36.83854,81.69141,91.94991,-12.4269,37.22338,1.56331,-2.71653
-7.09033,12.27297,-16.42973,162.95624,-7.1947,12.39819,10.40774,-4.71446
-5.71632,6.95516,-97.69785,84.64108,-5.73658,6.98856,14.09167,2.41249
-4.66488,4.36817,-47.23766,22.14729,-4.70832,4.36784,7.73756,2.47416
-3.82017,2.88194,-26.8972,60.22664,-3.80454,2.91897,12.09535,-6.55025
-2.91435,1.9532,-78.47136,37.14505,-2.9466,1.95721,24.28849,3.52695
-2.04396,1.45636,-31.10213,-44.02003,-2.09471,1.46597,0.09449,21.08101
-1.26895,1.23543,75.74255,2.1667,-1.31931,1.21846,-30.16469,-29.50111
-0.56445,1.21459,47.2667,113.82774,-0.63123,1.19935,58.07792,-69.97707
-0.01192,1.3528,-42.44599,101.2674,-0.03173,1.46795,69.57796,27.41104
0.44531,1.76556,-26.52655,51.14389,0.49627,1.79,22.71716,21.11757
0.68463,2.32367,-11.65001,95.83911,0.68295,2.32054,36.64849,15.80631
-50.40003,19.96991,-95.75806,98.26015,-50.88618,20.16389,2.28775,-1.02445
0.65308,3.44364,-110.89418,-13.59803,0.68338,3.51711,-9.62907,29.65895
0.37312,3.98089,1.23311,-47.07901,0.37366,4.02469,-11.56939,-1.38052
-0.11757,4.41449,39.92254,41.77332,-0.13914,4.50083,8.99843,-9.14822
-0.85654,4.63787,-19.14787,62.00291,-0.83158,4.6753,13.56124,1.68345
-1.55739,4.68952,-1.6141,21.47687,-1.5593,4.75139,4.18128,-1.0325
-2.42832,4.46069,42.0827,80.13064,-2.38677,4.50633,10.02372,-14.6476
-3.16587,3.94549,-41.40341,145.03635,-3.16645,3.99186,27.35089,-11.3235
-3.8245,2.99905,-127.04875,63.7543,-3.86392,3.01335,28.44712,5.68513
-4.2448,1.46192,-67.08696,-21.73083,-4.31977,1.49173,12.32345,9.28618
-4.17005,-0.91224,-8.88914,19.16163,-4.18675,-1.00149,0.97273,-4.80942
-2.67357,-5.67758,-50.14305,36.15734,-2.65061,-5.7349,-1.8652,-9.60557
7.60234,-25.33776,-32.32227,-26.05185,7.67838,-25.65821,0.58589,-1.43506
-24.39968,29.17417,59.848,6.03216,-24.65836,29.46378,-0.87933,-1.29532
-13.72482,9.3221,33.4617,117.96213,-13.867,9.45648,2.31257,-6.92965
-11.19357,4.43902,-75.37755,108.16178,-11.2974,4.50295,9.05035,-5.96673
-9.73808,1.75362,-73.18716,26.37872,-9.84847,1.79979,7.66483,-1.27772
-8.3383,-0.08022,-27.69773,43.58073,-8.42914,0.00357,3.28814,-5.16885
-7.10508,-1.25239,-79.9026,65.02489,-7.1127,-1.30585,9.24379,-10.83918
-5.68716,-2.10404,-100.01327,-23.1542,-5.81183,-2.13565,16.45112,-2.06126
-4.32952,-2.60118,6.06448,-58.20867,-4.39654,-2.61846,4.80237,10.37949
-3.12015,-2.792,54.15186,41.57847,-3.12001,-2.74651,-16.3881,1.09989
-1.90659,-2.52452,-23.08055,86.21325,-1.96959,-2.55497,-16.79741,-21.98241
-0.86412,-2.04435,-42.46493,32.14088,-0.88043,-2.14871,-5.87412,-22.1699
-0.04693,-1.33912,3.32843,52.04014,-0.06876,-1.38825,-37.51279,0.53967
16.67267,43.46377,-52.60107,109.67448,16.89789,43.86262,1.77498,1.88303
0.84328,0.4357,-133.40146,39.34157,0.83107,0.43721,-106.21658,103.21729
0.78373,1.49014,-71.20485,-55.23446,0.80584,1.4617,-49.57597,21.3824
0.52414,2.45207,13.62286,-11.05484,0.46609,2.5043,-3.28801,-6.05174
-0.13839,3.39597,-22.13174,43.02439,-0.05487,3.39033,12.79263,6.32088
-0.94476,4.00015,-39.40107,-2.9765,-0.97896,4.16107,1.43309,9.13181
-2.03982,4.55941,31.86254,6.1685,-2.10663,4.59663,-1.51634,-6.23678
-3.38117,4.80225,15.69251,104.85216,-3.4087,4.85474,12.94597,-12.32227
-4.97311,4.75681,-96.48798,98.49195,-5.00933,4.81347,19.83777,-0.59958
-6.84191,4.23556,-102.62437,-3.61482,-6.826,4.36521,10.43018,7.19965
-9.28727,3.28281,-28.96579,-7.06365,-9.39051,3.25856,2.52011,1.6267
-13.4492,1.06059,-49.47942,37.55398,-13.62128,1.13557,3.83569,-2.43724
-30.69485,-7.60438,-81.34123,-18.68061,-31.00999,-7.6982,2.61166,-0.04594
18.26928,15.37131,3.9821,-56.89407,18.44361,15.56084,-1.39424,-1.90844
1.35041,6.50665,55.94048,39.51236,1.37974,6.56222,7.48274,-6.95134
-2.04932,3.89755,-30.90624,98.30793,-2.00964,3.9241,23.04243,-3.92465
-3.31007,2.21678,-78.56578,31.36445,-3.43949,2.27537,20.08488,4.16809
-3.81138,0.97889,-26.89033,13.67042,-3.90128,0.94574,7.31242,-1.73142
-3.80559,-0.05335,-46.94355,67.31343,-3.87614,-0.09909,11.65933,-17.66416
-3.61261,-0.89137,-119.03718,19.62876,-3.66934,-0.86346,29.54611,-12.30215
-3.19613,-1.50389,-65.14993,-72.76035,-3.17699,-1.48607,25.61502,10.92059
-2.68709,-1.81299,32.48028,-28.8371,-2.66213,-1.84934,-3.15383,13.02324
-2.09876,-1.87844,-0.00714,52.85868,-2.09158,-1.93731,-12.59725,-13.60402
-1.51709,-1.92212,-51.47766,19.56229,-1.56872,-1.92717,6.97251,-21.03594
-1.06954,-1.67238,-1.25093,-1.22256,-1.07738,-1.72533,0.83554,-0.20329
-39.40134,-9.03549,1.58154,76.37065,-39.81526,-9.08646,-0.45383,-1.81455
-0.51451,-0.91522,-100.34795,78.2344,-0.47657,-1.01465,-25.11266,-110.6944
-0.38886,-0.5661,-112.4978,-29.61984,-0.45969,-0.57751,126.31421,-94.25471
-0.55214,-0.17325,-19.76916,-47.50461,-0.59431,-0.08481,43.77859,73.68493
-0.90218,0.23703,-14.27598,19.98697,-0.81317,0.17965,21.91659,-19.73712
-1.22365,0.49496,-62.32209,-3.2848,-1.23261,0.46536,43.37273,19.03994
-1.76365,0.52744,-6.22466,-47.79956,-1.75668,0.54516,-4.47039,25.82292
-2.34817,0.46074,47.42442,31.16954,-2.35385,0.42017,-17.2347,-16.31844
-3.12451,0.02387,-36.75394,96.17992,-3.08107,-0.05222,11.39661,-31.40961
-3.78767,-0.79382,-102.64529,22.55219,-3.7958,-0.85474,24.46349,-11.45008
-4.64226,-2.33381,-44.35369,-26.17779,-4.72326,-2.3759,9.71916,0.65338
-5.90521,-5.64275,-27.76553,26.04218,-5.96816,-5.61116,0.29182,-4.63788
-10.17405,-20.70486,-90.60039,10.12506,-10.28688,-20.88371,1.32955,-3.68342
1.23539,22.67532,-55.86746,-73.38103,1.22257,22.8653,-3.33039,2.26526
-2.77239,7.46694,42.25319,-37.24616,-2.84077,7.50084,-6.2085,-3.2818
-3.63001,3.90503,14.03739,59.37772,-3.63737,3.97458,6.37123,-9.36248
-3.7885,2.16368,-64.15216,35.51822,-3.87742,2.14266,16.55248,-0.01339
-3.80602,0.95662,-32.05925,-15.43428,-3.80359,0.95216,6.97574,5.80407
-3.63098,0.06816,-5.22809,38.48057,-3.65059,0.07985,1.66189,-10.50458
-3.33945,-0.65846,-86.22695,54.59218,-3.35892,-0.6133,21.97101,-20.26454
-2.98565,-1.07935,-106.11234,-44.73901,-3.05212,-1.09547,35.45988,1.93109
-2.59541,-1.45048,-6.88983,-72.31432,-2.58203,-1.45816,14.01505,20.09199
-2.24222,-1.65636,18.09102,11.13174,-2.26136,-1.63296,-7.59455,0.56154
-1.97713,-1.68757,-46.52628,17.33827,-1.89213,-1.74131,8.74769,-17.21381
-1.57052,-1.66929,-23.22632,-37.00822,-1.553,-1.65045,18.91643,3.72677
1.54588,30.13461,33.33162,14.36587,1.54991,30.4259,0.5266,-1.06868
-1.1027,-1.46827,-35.46952,81.37943,-1.15982,-1.47603,-22.41305,-41.6419
-1.05453,-1.28362,-110.13839,10.96618,-1.0938,-1.3501,34.99756,-53.22414
-1.05924,-1.10708,-49.24939,-58.73562,-1.05347,-1.12974,49.55287,2.61416
-1.18916,-0.98717,-1.2045,-6.42912,-1.15681,-1.05279,3.33606,2.52155
-1.26517,-0.89474,-56.60089,11.24987,-1.30131,-0.94993,24.25816,-26.3529
-1.51674,-0.91214,-48.86045,-59.99646,-1.57894,-0.88665,39.74862,15.67725
-1.88204,-0.96401,40.69281,-40.55975,-1.95295,-0.947,-8.71625,24.995
-2.3516,-1.06591,21.51478,58.53251,-2.35303,-1.17355,-17.25717,-16.26849
-2.9432,-1.52733,-72.05727,43.03202,-2.97806,-1.45827,13.80931,-21.21169
-3.90175,-2.13383,-54.41474,-32.13959,-3.97369,-2.17103,13.94894,0.46708
-5.96696,-3.55944,-2.2996,-0.23471,-5.96499,-3.69141,0.29637,-0.14406
-15.44605,-10.90258,-58.20929,35.11752,-15.64105,-11.05878,1.42285,-3.25122
12.80504,10.39009,-89.8405,-45.46011,12.98937,10.51658,-5.88946,1.26849
3.37295,2.96828,2.83943,-81.53139,3.41325,3.06958,-11.41651,-13.61974
1.45192,1.43686,41.24915,7.51348,1.50845,1.46624,16.55006,-11.10607
0.66584,0.65253,-34.84499,36.59981,0.66266,0.60526,-1.16439,56.29547
0.24517,0.08952,-42.21522,-28.03638,0.33758,0.12369,-137.07896,-32.82404
0.13156,-0.23843,19.12561,-7.86701,0.16358,-0.26191,54.41692,39.03677
0.12913,-0.50918,-24.70005,59.31611,0.10592,-0.51189,-120.69447,-23.27845
0.21346,-0.72854,-101.51607,2.91652,0.15729,-0.72936,-32.50357,-132.17636
0.23073,-0.87114,-45.39304,-77.487,0.21272,-0.9489,67.54126,-62.97855
0.29843,-1.04969,24.95371,-27.3637,0.32316,-1.06088,30.1598,14.33464
0.50214,-1.13888,-24.40319,20.44298,0.49533,-1.17992,-22.11138,-11.39979
0.68769,-1.21847,-46.67322,-38.97792,0.63832,-1.22462,9.40714,-43.01587
-0.47691,22.79768,29.59281,-43.22077,-0.44688,23.01677,-1.90204,-1.24878
1.04445,-1.18923,25.8738,48.2819,1.09261,-1.19055,-11.1872,31.99959
1.24416,-1.17466,-70.66663,43.94304,1.22105,-1.16818,-48.19336,-10.1186
1.42948,-1.12734,-65.703,-45.59154,1.44484,-1.09986,-13.58269,-41.89444
1.67428,-1.0074,7.43172,-32.52747,1.63475,-1.02325,12.21492,-12.25177
1.92107,-0.88133,-24.06003,23.15816,1.93149,-0.90463,-14.82107,5.04819
2.16688,-0.64897,-70.04829,-32.22325,2.18742,-0.74238,-24.23253,-22.95536
2.41775,-0.4997,4.84231,-78.15987,2.45063,-0.46655,7.76642,-30.41517
2.75911,-0.21082,53.41393,4.35323,2.77539,-0.21858,19.00414,3.06522
3.27693,0.10289,-25.6303,49.61983,3.32197,0.1663,-6.95024,15.28481
3.9214,0.58231,-57.60968,-21.50611,4.04795,0.52454,-14.67385,-3.41136
5.64955,1.36731,8.73188,-31.62786,5.67751,1.34371,0.20789,-5.61993
13.53199,4.5262,-5.60124,36.32159,13.74334,4.57976,0.42584,2.50095
-10.42612,-4.08756,-81.11723,3.13582,-10.50229,-4.16631,6.57117,-2.9054
-2.5755,-0.88409,-38.95341,-80.25955,-2.51202,-0.92374,24.00914,23.12137
-1.01463,-0.12191,43.61015,-37.6234,-1.04446,-0.06764,-39.25647,38.56414
-0.48018,0.39625,1.24883,32.21899,-0.53467,0.32161,24.90107,-45.28107
-0.33897,0.58421,-48.3958,-16.40945,-0.3281,0.62836,11.08015,71.23416
-0.25026,0.88679,13.52232,-46.53389,-0.25016,0.82485,-56.21637,0.65567
-0.35236,0.95722,30.71191,30.99429,-0.37911,0.97848,16.96793,-37.9616
-0.41849,1.09006,-58.52248,41.89119,-0.43767,1.13756,49.31824,32.47072
-0.60283,1.14007,-66.71246,-50.14311,-0.54407,1.16202,-13.3456,63.65957
-0.74344,1.16803,18.36873,-53.08194,-0.69301,1.18799,-40.06729,7.91095
-0.88934,1.12631,8.66843,19.34226,-0.83865,1.12605,7.36081,-13.1802
-0.94155,1.10396,-52.75452,-10.33762,-0.98133,1.05142,19.77307,31.7195
-5.43197,-14.6219,-1.85907,-67.56615,-5.51234,-14.70802,4.06957,1.39882
-1.14593,0.84189,55.89994,-1.9644,-1.20247,0.77901,-33.49015,-20.06281
-1.2793,0.6311,-15.56894,54.8693,-1.19706,0.65545,29.31477,-29.78543
-1.23465,0.4621,-65.18021,-15.81692,-1.24029,0.55612,38.9948,30.23712
-1.28734,0.42379,3.07594,-50.63491,-1.27917,0.40829,-13.64873,35.22775
-1.20864,0.2404,17.93496,17.86963,-1.19262,0.3247,-10.20257,-17.76121
-1.20281,0.28734,-55.77398,12.53059,-1.18143,0.20695,47.60595,-2.26734
-1.07176,0.18644,-35.23826,-68.99828,-1.05867,0.21569,19.20952,69.08817
-0.97377,0.25126,50.58052,-40.91622,-0.99769,0.24889,-57.35861,26.70174
-0.90979,0.41881,18.86128,40.67065,-0.86725,0.53841,5.31683,-43.59527
-0.84891,0.83029,-50.6333,3.50695,-0.84266,0.84358,32.09198,27.9652
-1.00044,1.78886,-2.87732,-50.63099,-0.94153,1.86523,-21.01202,12.14909
-1.93719,6.83444,37.41895,10.98318,-1.97799,6.98584,0.05146,-5.37097
1.68108,-8.13989,-37.77647,41.37194,1.69733,-8.20312,-5.75012,-3.41536
0.6274,-3.01047,-61.41108,-42.80609,0.58835,-3.11922,9.66591,-21.51113
0.43826,-1.9896,24.59827,-60.90173,0.52869,-1.97084,31.95042,3.91019
0.37852,-1.4006,33.31415,20.45343,0.4678,-1.48596,-6.10184,24.34021
0.43201,-1.14154,-40.42566,13.87295,0.42097,-1.12489,-22.61463,-27.47437
0.42049,-0.90839,-15.20831,-54.91916,0.44876,-0.89412,42.24417,-38.21169
0.40567,-0.67616,52.00247,-12.5307,0.41787,-0.70716,45.34136,46.74448
0.34872,-0.54907,-2.1771,53.51833,0.38168,-0.554,-67.34506,42.46747
0.31091,-0.39128,-64.08572,-7.20691,0.37434,-0.38883,-72.72866,-94.79763
0.28934,-0.27696,-0.00124,-59.98971,0.30372,-0.29773,98.73655,-100.72828
0.28057,-0.22381,38.88087,6.56531,0.25347,-0.18217,88.87432,89.77632
0.23331,-0.12529,-31.96816,28.45451,0.22145,-0.12716,-164.0517,34.29268
-3.87885,6.89886,-37.43974,-48.88366,-3.98443,6.97043,-2.97171,7.06991
0.13022,-0.02621,45.62572,-42.07914,0.17765,-0.01893,278.89658,-207.14868
0.10415,-0.00864,30.37926,42.5219,0.06564,0.02571,621.29364,404.44809
0.08926,0.08055,-49.56411,19.11713,0.05872,0.07353,-169.94394,538.35602
0.03672,0.10172,-16.01321,-51.93612,0.07402,0.08851,-434.315,-182.32607
0.0807,0.14247,44.86827,-6.20059,0.04162,0.13044,56.46469,-325.9501
-0.03718,0.15556,-13.45735,44.58519,-0.00293,0.20834,214.87027,61.5696
0.03054,0.19635,-55.33212,-24.74022,-0.01772,0.19262,-101.16088,296.5683
-0.11305,0.33479,21.66501,-58.67783,-0.08631,0.30036,-199.60382,-14.77069
-0.07352,0.40468,46.78646,21.25425,-0.05535,0.37147,37.61381,-131.55376
-0.09861,0.55423,-32.19302,34.38204,-0.11054,0.55807,70.27715,43.76625
-0.25775,0.92745,-30.30556,-42.74205,-0.29634,0.91772,-32.51993,43.52348
-0.77075,2.5664,45.60252,-25.38655,-0.83462,2.57551,-14.11273,-13.13286
0.85814,-2.29045,14.62435,48.86274,0.80779,-2.28674,-16.98883,12.39656
0.26804,-0.65289,-56.00059,6.67009,0.23623,-0.65894,-35.96718,-72.09165
0.10706,-0.31215,-4.52667,-57.82949,0.13873,-0.25107,168.82512,-111.31526
0.0415,-0.15902,51.22545,1.41294,-0.0172,-0.17065,-38.15269,296.33545
0.03144,-0.07292,-14.38737,45.63265,-0.06021,-0.06589,-268.66095,-463.83878
-0.01366,-0.06309,-45.52444,-26.34197,-0.07414,0.02975,406.05814,518.28339
-0.12646,-0.01795,32.05029,-44.45882,-0.12666,0.00288,-260.88718,345.06479
-0.11434,0.02476,38.51558,36.64391,-0.19546,0.06627,-119.73019,-228.06613
-0.14878,-0.02869,-42.7574,31.35329,-0.17974,0.03836,263.12735,-118.27328
-0.17059,0.01387,-25.08561,-47.29493,-0.24248,0.02777,80.06438,204.2204
-0.25634,0.02045,49.40461,-17.28213,-0.18926,0.01716,-267.12262,67.08925
