1146.70801,0.82983,50917.11719,-158.78711,1920.79248,1.21576,26.50833,-0.09945
4.77987,-0.41283,-53.51091,10.85643,1.28009,-2.8492,-10.19119,-14.20235
4.8815,-0.47553,-265.27802,-71.53937,4.39705,-4.25624,-23.01627,-38.54911
4.94221,-0.26566,-71.29128,3.00419,8.36617,-3.27666,-7.51002,-2.58225
4.73395,0.18592,-180.6304,348.47324,11.66955,0.15465,-15.08039,30.06162
3.99256,0.67132,-44.12127,-13.02995,12.79735,5.35883,-3.29608,0.36204
2.97943,0.96036,-95.59074,155.32855,11.10356,10.87971,2.60092,11.44059
1.5972,0.80734,-13.82122,34.04356,6.81439,15.16572,1.52698,1.59746
0.31038,0.14668,-26.52003,139.73088,0.90246,17.01511,8.10669,1.98858
-0.55589,-0.95311,-65.63788,82.03421,-4.82299,15.79004,5.91333,2.35072
19.47417,20.66976,189.41861,416.17563,106.7121,-1.63227,1.71499,3.92622
-0.48052,-3.31327,-116.24257,24.46435,-10.85512,7.42564,8.34514,3.45493
0.35221,-3.79148,53.23004,-10.36558,-9.7827,3.04141,-5.26205,-0.57637
1.12154,-3.55329,-24.25253,-36.21118,-6.72162,0.58707,3.11386,5.65923
1.47936,-2.74319,201.69771,-57.452,-3.13831,0.73228,-65.00204,3.13938
1.25038,-1.5039,102.30221,95.94096,-0.83843,3.62349,18.93117,-32.61348
0.15821,-0.43327,367.44772,343.69434,-1.07139,7.8277,36.79311,-51.97791
-1.73483,-0.12514,-0.44127,338.99902,-4.43257,11.62359,25.47464,-9.67662
-3.90362,-0.86335,-70.13885,126.51944,-10.31766,13.13029,8.55238,-1.37862
-5.66485,-2.70015,-321.49481,373.34976,-17.19021,11.1913,23.06563,-6.70238
33.02419,13.57367,1265.30884,-1000.86407,91.96279,-15.95152,15.18969,-8.24861
-5.57163,-8.67506,-531.01123,105.41061,-25.38964,-3.08926,20.11159,-6.59877
-3.28632,-11.15383,-425.94183,-98.70927,-23.67685,-12.56057,15.76478,-4.1942
0.10489,-12.53835,-435.40222,-189.46909,-17.43372,-20.57643,15.79664,-7.77628
3.90827,-12.04882,-506.35571,-582.80426,-7.84726,-25.1059,26.89076,-11.76365
7.39212,-9.89991,-205.35881,-266.08218,2.89298,-24.7776,9.63971,-9.4136
9.56404,-6.27913,-238.24484,-369.08151,12.34289,-19.48173,7.98992,-17.29125
9.85193,-2.07321,-68.24743,-184.66991,18.22853,-10.53589,1.58276,-9.216
8.1481,1.87294,-112.47855,-60.17943,19.14849,-0.1193,-5.85421,-3.17925
4.95398,4.59571,-36.49975,-101.29343,15.30557,9.20193,-4.67412,-3.80793
-29.06582,-33.11935,-725.6059,330.34821,-97.49902,-35.28831,5.49592,-5.37739
-2.63,4.43925,-38.75331,-44.89924,-1.40865,16.93751,-2.44369,2.49125
-5.24139,2.0155,-141.33234,125.11498,-9.62706,14.05927,10.74466,2.69522
-6.36168,-1.17271,-73.43552,-9.09224,-15.00885,7.88974,3.584,2.4898
-5.60822,-4.1919,-44.76332,187.56212,-16.40442,0.4234,3.02182,-11.35564
-3.64404,-6.27627,-112.7248,-35.5569,-13.99753,-6.03894,7.71342,-0.78756
-1.13913,-6.94064,-282.5513,4.7346,-8.97361,-9.83609,14.04003,-15.91705
1.06371,-6.16754,-74.98283,-87.58165,-3.26049,-10.13208,9.99088,-4.18548
2.48017,-4.32815,127.15237,142.77832,1.13461,-7.54813,-16.02155,19.25386
2.42843,-2.12871,6.24833,-50.08289,3.05811,-3.06881,9.20651,-7.13836
-46.75636,17.70594,-598.88013,1801.03735,-85.94855,78.31829,14.23921,-7.97974
-0.70728,0.15157,-10.51123,50.85405,-1.79629,4.41014,10.72301,-1.98415
-2.82634,-0.42286,-82.05116,33.9973,-6.6824,4.60827,10.69905,2.29062
-4.26738,-2.08199,-113.24754,50.82921,-11.01738,2.03159,10.76372,-2.62873
-4.61465,-4.31414,142.58073,77.8482,-13.34103,-2.7122,-11.40242,-3.51716
-3.69541,-6.44888,-116.72534,-56.89248,-12.96053,-8.15326,8.43111,-0.9142
-1.93248,-8.0349,83.57848,-95.75037,-9.97104,-12.69278,1.46615,7.73649
0.46905,-8.49151,9.9406,-71.72099,-5.28243,-15.20096,4.00704,2.04642
2.51801,-7.72508,-42.79927,-181.57965,-0.23383,-15.22016,11.97058,-2.62811
3.84177,-6.22155,55.24586,66.18877,3.80202,-13.00064,-3.54523,5.28627
-41.50876,-30.37902,456.11063,-1008.05841,-107.94633,-35.53621,-1.03853,9.6804
3.90933,-3.17994,-71.61226,140.95232,5.92127,-6.45354,-17.38604,4.85551
3.00991,-2.50232,-204.9904,-22.11989,4.49564,-4.44782,-20.58259,-25.28397
2.24845,-2.68219,-158.06531,25.37267,2.7079,-4.40305,-20.20028,-23.47577
2.04682,-3.40047,-377.03461,-98.51386,1.8935,-5.78442,-3.889,-63.90799
2.68587,-4.16927,-34.89472,-81.20497,2.8991,-7.99146,7.57986,-7.11628
4.15884,-4.48551,125.79822,-121.58505,5.88643,-9.40149,15.30895,3.79549
6.03158,-3.87553,131.89513,35.10181,10.25412,-8.93586,5.61526,8.31656
7.65547,-1.891,-54.15286,140.54149,14.73647,-5.80275,-6.4327,7.00399
8.35185,0.88607,93.73631,269.90005,17.83612,-0.19224,5.09173,15.18709
-25.97005,-37.11641,-317.44498,-1217.65417,-75.32362,-62.85879,10.43664,7.45609
5.40522,7.1662,-129.2527,374.28235,14.71177,14.65221,8.30975,17.16491
1.86313,8.94125,-125.2562,419.99533,8.08541,20.34015,15.71715,12.4058
-2.36793,9.05777,-341.08185,285.68799,-0.87845,22.63896,13.18406,14.55457
-6.25158,7.39801,-553.5929,237.08353,-10.20284,20.93732,19.5626,16.90755
-9.2996,4.01524,-437.47815,101.82166,-18.15465,15.20358,16.92462,8.56493
-10.42069,-0.23529,-505.74405,31.43951,-22.79659,6.66719,20.80855,4.70663
-9.82066,-4.61934,-407.87952,-98.65001,-23.38204,-3.04694,17.69347,1.91339
-7.34932,-8.13325,-98.56416,-162.80748,-19.80094,-11.83658,7.28839,3.86537
-3.6904,-10.26489,-246.23064,-233.89618,-13.02644,-18.11031,14.95653,-2.83818
15.9106,40.83792,261.76532,1081.97156,51.75669,81.56332,10.9092,3.71317
4.04679,-9.29082,-41.31259,-193.09183,3.90671,-19.63997,9.05488,-3.90466
6.64662,-6.6615,78.18781,-119.85522,10.59257,-15.21714,7.71478,-0.23208
7.81045,-3.50401,14.42198,-15.45035,14.70601,-8.83382,1.18441,-0.33915
7.6552,-0.21479,164.4115,-117.26447,15.65494,-1.84927,11.23034,-6.16397
6.27449,2.42577,-114.2383,70.78798,13.92557,4.39998,-5.9985,6.97862
4.1717,4.27377,-242.10823,102.73575,10.19005,9.1405,-8.15451,17.39658
1.71991,4.94426,-202.84863,-38.4994,5.36461,11.72848,-9.25681,13.06133
-0.61269,4.84453,-108.78297,-166.07439,0.40312,12.35845,-13.71066,8.35509
-2.42705,4.00619,-98.56181,-144.06979,-3.95998,11.32206,-8.62487,11.72191
-30.25999,-44.37061,940.41443,857.50879,-82.1653,-80.58083,-11.05132,0.40182
-4.61733,1.24864,31.68356,-62.50303,-9.80565,6.17696,-5.18784,3.10616
-4.98943,-0.27023,-138.44548,81.15935,-11.11451,2.94552,13.44702,-3.73843
-4.78484,-1.80111,-14.58133,72.24843,-11.19204,-0.36593,1.0906,-6.491
-4.19929,-3.11995,18.92026,115.04126,-10.54064,-3.43495,-4.83786,-9.33752
-3.23072,-4.12523,-136.19556,47.83743,-8.80413,-6.02061,8.00869,-10.91018
-1.95682,-4.75761,-53.96875,-15.90667,-6.32464,-7.71586,4.66232,-3.17285
-0.64552,-4.8811,-119.22903,-67.82504,-3.37762,-8.43642,11.80544,-9.40621
0.64201,-4.37446,-220.86339,64.03314,-0.59689,-7.80812,-6.0034,-28.7453
1.50499,-3.3378,-0.47483,-66.02036,1.49508,-6.09115,10.2048,-2.58274
-43.20108,-32.50161,-1153.16699,-1039.1853,-103.58163,-52.35818,12.90645,3.5086
1.2892,-0.98105,23.64996,42.91398,2.05322,-0.97769,1.27658,21.50871
0.28327,-0.14334,29.97077,78.00021,0.10597,0.96519,83.21944,-21.91514
-1.06661,-0.23588,-59.41232,80.96578,-2.83263,1.45861,28.21213,-14.05596
-2.34411,-1.09014,-136.03716,252.3278,-5.78424,0.00947,23.58998,-43.58468
-2.92692,-2.68757,-94.6067,15.37668,-7.69202,-3.23086,9.74112,-6.09058
-2.65944,-4.5479,-77.83156,-160.6698,-7.56713,-7.54163,15.77633,5.50943
-1.22175,-6.29694,-32.66487,-29.11996,-4.98002,-11.72797,3.10565,-1.46647
1.16603,-7.26599,-16.15674,-44.34293,-0.28717,-14.39352,3.10192,-1.06061
4.05453,-6.96857,44.78021,4.58253,5.91757,-14.66966,0.79038,2.73374
-47.10479,2.7887,-842.57867,-214.77251,-99.58525,22.11541,7.60679,3.84595
8.43946,-2.27437,93.45596,88.53122,16.78109,-5.9948,3.26749,6.44291
8.68495,1.53741,141.31175,-1.31059,18.5786,1.88877,7.52125,-0.83518
7.24269,5.24193,91.55179,227.33463,16.58461,10.18812,10.1214,7.48987
4.26742,7.98118,-156.2708,289.82581,10.96904,17.08949,7.85418,14.18554
0.23368,9.31754,-47.797,380.2392,2.82188,21.05693,17.44027,4.6071
-4.11762,8.79154,-314.35522,511.55774,-6.47587,21.21774,26.19194,6.82164
-7.71741,6.53447,-320.74872,370.00067,-14.85066,17.48824,21.34195,0.21767
-10.04527,3.01676,-403.23584,121.98691,-20.88462,10.72919,17.65019,3.22655
-10.70198,-0.90364,-492.72711,110.3785,-23.45589,2.34343,21.26443,-2.58131
42.31985,11.58038,1243.65942,221.82693,92.69988,13.85387,13.47269,0.37948
-7.44813,-7.39773,-366.79462,-170.95546,-18.30088,-12.26244,18.15204,-2.82133
-4.60244,-8.69501,-240.04175,-116.35795,-12.55523,-16.08208,11.73539,-5.76426
-1.836,-8.79489,-103.3004,-191.24989,-6.65759,-16.86969,11.90009,-1.42708
0.28851,-7.86141,-6.19923,-259.37219,-1.86901,-15.47849,16.5638,1.59955
1.47747,-6.33607,-15.13766,-15.39364,0.93024,-12.74707,1.11502,-1.26891
1.66509,-5.02909,119.12894,136.07779,1.97497,-10.08516,-10.76679,13.92075
1.40678,-4.21776,-121.83816,64.9703,1.52233,-8.14078,-10.41535,-13.01872
0.93387,-3.93995,-68.68649,44.87165,0.48643,-7.56224,-6.49103,-8.6653
0.70467,-4.32642,-180.56131,-19.83006,-0.14845,-8.14218,2.83886,-22.12428
39.68132,33.62227,393.51111,-394.34921,92.36573,62.22723,0.95195,-4.91077
1.65886,-5.2089,-103.53508,-78.07336,1.82625,-10.51111,5.5488,-10.81414
2.80713,-5.23189,-3.92778,-5.6723,4.15277,-10.68182,0.33712,-0.49877
3.94843,-4.59519,-41.41631,-22.51791,6.66287,-9.57723,-0.44294,-4.0163
4.61816,-3.42247,157.77225,-114.63552,8.53816,-7.30095,17.30557,1.37168
4.7706,-2.04369,-73.78544,25.84453,9.18104,-4.34639,-7.65398,-0.80847
4.22192,-0.77297,-99.9449,-187.25612,8.39767,-1.60345,-7.37494,-23.70675
3.31111,0.13949,-102.04819,-0.09393,6.53885,0.50772,-15.51403,1.19025
2.14283,0.43991,-135.98146,89.16693,4.24776,1.40937,-22.56374,28.47801
1.12849,0.14753,-74.68375,-20.5533,2.06129,1.10745,-32.27311,7.36799
-54.12194,-2.76948,-1764.97815,752.32886,-115.93151,7.9996,15.59784,-5.41313
0.32771,-1.13106,-58.14191,-2.32912,-0.06996,-1.45219,3.52453,-39.86766
0.41455,-1.67925,-168.9939,-55.76759,-0.02972,-2.54945,22.64412,-66.02242
0.52865,-1.93607,-64.0144,-5.09942,0.38784,-3.16763,-0.85175,-20.10466
0.6479,-1.96416,-69.32977,202.73367,0.50496,-3.38547,-61.56827,-11.2955
0.42212,-2.10747,-33.2666,-16.51056,0.05506,-3.62022,4.41989,-9.25633
0.18051,-2.51783,-203.14671,141.25241,-0.63495,-4.4044,-24.90391,-49.71374
-0.00314,-3.39626,-2.71924,27.65131,-1.21975,-6.22529,-4.19513,-1.25877
0.3091,-4.71665,-81.27277,147.34741,-0.85049,-8.9111,-15.52339,-10.60197
1.33065,-5.9663,-50.17686,65.09534,1.03789,-12.05808,-5.71433,-3.66941
-43.0084,22.29511,-29.24572,329.03253,-86.79386,57.52486,1.97983,-2.47878
5.96018,-7.1528,-86.88492,-7.94903,10.76308,-15.56326,-2.26621,-4.01545
8.9897,-6.04575,-22.85934,-48.47312,17.24396,-13.70928,0.55707,-2.36814
11.49209,-3.39452,36.10385,-82.70959,23.25717,-8.60378,2.52274,-2.62304
12.85915,0.47423,60.19444,133.71492,26.91945,-0.7292,2.1,5.02411
12.429,4.87341,212.4911,53.99027,26.99196,8.74454,7.71108,-0.49791
10.07107,9.01072,402.14377,277.05026,22.82754,17.83852,16.82588,-1.01187
6.04215,11.75956,161.51468,338.91345,14.89569,24.59353,12.9922,1.30169
1.14667,12.61193,56.71138,238.82462,4.53875,27.36847,8.82714,-0.60826
-3.63576,11.22997,-138.3013,450.59363,-5.94853,25.42403,18.00998,1.22595
32.52575,-29.64943,702.99683,-1230.08435,62.8018,-68.49571,14.86904,-3.36963
-9.06307,3.28722,-380.45624,265.33948,-18.97637,9.56921,21.60585,-3.08745
-8.45364,-1.44546,-341.13031,54.67395,-18.59287,-0.44306,18.26693,-3.37588
-5.70309,-5.03038,-362.69647,17.55082,-13.56667,-8.70464,18.35006,-13.06744
-1.72053,-6.73628,-431.00101,-316.33087,-5.45994,-13.2106,31.96854,-19.41281
2.38756,-6.21025,-219.24722,-68.44126,3.42432,-12.91685,0.74633,-17.1716
5.55493,-3.72635,-193.66879,-304.75671,10.61848,-8.21602,2.48215,-26.78004
6.97551,0.04668,-138.30556,-40.70271,14.38331,-0.59419,-9.48261,-3.22159
6.20108,3.88141,-189.83652,-77.49525,13.58207,7.85372,-12.9472,1.78091
3.61222,6.87092,-115.06072,-20.70034,8.50604,14.60754,-4.48353,5.26602
-31.59455,-36.86179,-378.23962,210.457,-74.39806,-71.46746,1.23084,-4.01116
-3.9728,7.29368,-92.32889,-2.94513,-7.64327,16.78636,1.92902,4.6219
-6.88123,4.61755,-152.29437,105.74032,-14.18424,11.90963,9.96848,0.91515
-8.1485,1.08441,-100.93725,27.1527,-17.4744,4.55561,5.788,-0.04491
-7.46587,-2.44439,-88.57021,-77.18637,-16.72923,-2.9707,5.92676,3.56141
-5.33176,-5.00373,-135.63864,8.7047,-12.56987,-8.93967,6.83905,-5.55643
-2.37275,-6.07672,-232.82649,108.95533,-6.48341,-11.56394,1.41988,-19.33777
0.41479,-5.50229,-108.39716,-46.90563,-0.52892,-10.92938,4.76053,-9.68758
2.27035,-3.65511,82.62403,171.20769,3.56867,-7.41164,-14.39492,18.07896
2.6219,-1.42529,-31.11145,-28.61617,4.77136,-2.60168,-2.50533,-7.36356
-47.49457,25.15123,165.8689,1798.43677,-96.83443,62.25376,7.23623,-13.9202
-0.376,1.17933,-36.26685,56.00305,-1.05644,3.34355,18.34529,5.05035
-2.48097,0.5352,3.94218,104.29186,-5.40481,2.27124,6.27181,-16.66056
-3.62936,-1.39184,-125.42363,54.11835,-8.19411,-1.60862,13.4901,-9.25283
-3.38483,-3.79677,139.49467,129.08978,-8.33208,-6.79672,-17.64129,-1.1026
-1.71956,-5.90296,-127.59473,-50.27064,-5.15772,-11.5958,7.70514,-7.57634
1.0101,-7.00342,105.0476,7.6245,0.60321,-14.24904,-0.2226,7.38168
4.25647,-6.28748,-8.31451,-72.06544,7.4194,-13.33379,3.86199,-2.77252
6.7044,-4.01912,63.0995,-125.67114,13.24274,-8.70704,7.68299,-4.43828
7.79971,-0.36535,36.04227,45.95337,16.1609,-1.38246,1.97254,3.01223
0.89114,-51.20135,-25.21848,-560.09589,-6.81087,-107.897,5.18512,0.09358
4.25005,6.49154,-78.4883,98.84642,9.6229,13.80037,2.15097,7.18726
0.17631,7.91023,-221.46606,-91.21425,1.24491,17.4353,-6.10741,12.26608
-4.26265,7.15508,-143.5825,-33.41395,-8.10361,16.61839,1.77934,7.77232
-7.89297,4.3559,-193.53249,16.44345,-16.32981,11.18769,8.53517,4.84056
-9.77715,0.14832,7.6802,-151.69415,-21.21909,2.46062,-1.17515,7.01268
-9.58128,-4.66714,5.54913,-238.04138,-21.4545,-7.67274,3.28869,9.91905
-7.24332,-8.78885,211.95575,-40.6865,-17.08335,-16.80099,-5.1163,7.41338
-3.24443,-11.49125,-29.26911,58.06403,-9.03436,-23.08262,-1.75097,-1.95333
1.4053,-12.01387,222.87653,205.48451,0.65593,-24.94587,-7.99676,9.14467
-24.9981,35.09908,-801.87842,-939.32288,-48.14705,78.89921,-4.15578,12.69933
8.6176,-7.45276,48.90984,351.91385,16.63942,-16.34631,-9.07722,12.23208
9.79332,-3.66294,-96.87789,495.30484,19.88348,-8.56988,-13.16346,19.23685
9.3569,0.0646,-139.2831,338.13312,19.31254,-0.7632,-7.89164,17.19661
7.47154,2.69132,-432.45471,340.29355,15.62722,5.17182,-18.44616,27.88044
4.84384,3.99878,-262.30991,238.77782,10.4349,8.45551,-3.98147,26.10884
2.33802,3.94755,-383.28226,218.63071,5.09303,8.71889,-0.4497,43.69728
0.51217,2.9584,-308.93076,91.63828,0.99532,6.76485,6.6825,46.65026
-0.31677,1.41061,-130.16525,95.99248,-0.91312,3.59877,33.68246,27.62306
-0.18557,0.02386,-236.6051,-51.45589,-0.82472,0.59654,158.71895,177.19696
0.61022,-0.85883,564.44977,596.66541,0.76877,-1.30184,-149.98236,522.14618
1.71731,-0.95755,-84.33253,-67.64382,2.87334,-1.59911,-12.40569,-30.44607
2.38824,-0.47504,152.51627,-49.22605,4.51419,-0.65419,34.63882,-5.88495
2.59701,0.54031,-26.59162,51.70835,5.18358,1.26981,-2.53423,10.59622
2.23988,1.34965,-30.37916,-171.13441,4.51791,3.0263,-22.15604,-23.03798
1.43043,1.78401,-126.35942,115.85314,2.79946,4.19884,5.21104,33.5682
0.47608,1.75866,-36.89141,-0.37418,0.85044,4.26878,-1.74029,8.29544
-0.29429,1.22506,-200.81461,16.40094,-0.79489,3.22453,19.26757,57.5275
-0.58598,0.30228,-33.69181,-224.08107,-1.50606,1.48177,-63.01595,86.78671
-0.32195,-0.35822,-109.35828,-80.37818,-1.14086,-0.30097,106.99603,42.22728
0.20588,-0.89281,1063.27979,291.14066,0.00041,-1.42948,-203.45854,743.8822
0.84197,-1.12772,1.48772,-12.04558,1.64632,-1.60466,4.12054,-3.30039
1.47674,-0.42413,-148.29007,-64.93719,2.97944,-0.90518,-39.5034,-33.79669
1.86728,0.0668,-47.57886,97.53767,3.49816,0.52833,-9.18053,29.26909
1.8575,0.82894,8.82637,82.35141,3.24998,1.91847,13.10647,17.60224
1.1695,1.3108,-156.42467,55.92147,2.13912,3.14323,-10.98787,42.28787
0.38039,1.4064,-174.22537,22.42163,0.6005,3.33336,-2.60487,51.798
-0.24974,0.94563,-126.55428,-61.41832,-0.78693,2.70338,-8.38197,49.25332
-0.5011,0.35908,-247.93425,45.57631,-1.61916,1.39626,101.7412,59.58692
-0.44436,-0.26957,-7.35582,-55.66338,-1.50174,-0.08189,6.89888,36.68966
-0.0416,-0.81707,-1099.60059,-99.00179,-0.70173,-1.24723,437.05743,-635.73077
0.59439,-1.04255,7.64116,48.65862,0.66981,-1.66837,-23.53342,14.02804
1.17872,-0.81992,-64.45594,270.07166,1.97957,-1.27816,-85.1507,81.44989
1.59717,-0.26882,-82.3526,69.29674,2.81366,-0.25858,-31.26813,21.75508
1.57681,0.39393,84.86227,286.09637,2.88425,1.07855,58.35505,77.37117
1.24621,0.91625,-113.2781,-20.07625,2.20738,2.3113,-29.02206,21.29338
0.60831,1.11267,-78.61063,70.29461,0.99285,2.90691,13.38416,31.61401
-0.05559,1.04035,-36.95218,-86.37488,-0.43255,2.66371,-29.39866,18.64637
-0.49947,0.56306,76.64189,30.36961,-1.42861,1.74318,-11.13307,-34.84274
-0.5959,-0.06983,60.83277,-72.87891,-1.69575,0.43032,-43.94961,31.82442
-0.35309,-0.71743,-692.28363,76.63815,-1.27684,-0.80873,359.81927,-287.92542
0.13995,-0.9701,142.97879,-9.90944,-0.15822,-1.57299,-2.81481,90.61327
0.7686,-0.94701,352.86743,-35.89642,1.06327,-1.5707,119.96118,143.44991
1.30293,-0.60204,198.27725,121.23234,2.14192,-0.90631,58.20074,81.22608
1.40186,-0.0305,-29.50576,167.18361,2.64811,0.26063,-4.88133,63.61357
1.27969,0.53423,128.26602,307.32172,2.35766,1.53606,97.81107,66.62465
0.79328,0.90047,-68.56367,255.53957,1.48473,2.45351,63.85717,66.58799
0.2274,0.98531,-103.24756,379.5488,0.2274,2.59023,141.93748,52.32111
-0.27479,0.76962,-234.03796,118.00462,-0.90755,2.03537,91.12944,74.35159
-0.51777,0.24237,-298.42145,216.56073,-1.61017,1.00668,193.70674,-13.39036
-0.52429,-0.38046,691.2038,-443.77197,-1.55477,-0.24492,-389.93152,346.84943
-0.15927,-0.79388,-251.90228,-9.32546,-0.78105,-1.24108,96.87986,-142.00114
0.38838,-0.97056,-325.36133,-151.3369,0.22053,-1.6324,64.60242,-208.04207
0.87151,-0.76972,-72.36349,-40.82541,1.41926,-1.40434,-11.38094,-40.02655
1.29223,-0.41394,-299.23834,8.93916,2.18629,-0.4848,-131.31998,-25.03084
1.3436,0.18448,-25.65572,83.21239,2.3738,0.70821,-0.32095,35.15026
1.03795,0.63961,-115.55942,96.53603,1.89623,1.755,-7.44573,57.80079
0.53811,0.8708,-126.66834,119.40146,0.84749,2.36655,27.7299,63.45491
0.05911,0.84787,-210.32938,118.03172,-0.39424,2.29862,65.12695,80.33252
-0.37373,0.51788,-164.50258,23.33763,-1.28229,1.57532,60.03642,55.55583
-0.54273,-0.05182,350.07559,-284.97354,-1.68016,0.40403,-235.52515,112.97393
-0.42402,-0.55527,-82.42035,-25.08231,-1.31642,-0.72362,56.12453,-11.79744
0.01932,-0.87693,-44.64192,150.358,-0.46733,-1.45875,-84.58778,-57.70144
0.56508,-0.94849,-35.04949,34.85065,0.62367,-1.50663,-27.96889,-11.68583
1.11527,-0.65389,303.04547,-63.18259,1.59466,-1.05891,150.1433,60.07843
1.30359,-0.20662,-82.79644,69.81815,2.20325,-0.2002,-40.12737,28.04262
1.18515,0.28116,104.70313,52.04883,2.08182,1.03204,50.32145,0.05519
0.87167,0.70471,-110.53678,23.72542,1.41458,1.86667,-20.43122,43.73295
0.4077,0.89061,26.31358,63.63414,0.34777,2.19117,30.18679,-7.21785
-0.19277,0.66402,-71.46783,-4.00385,-0.75697,1.93291,10.75847,32.76096
-0.45159,0.32613,-658.83765,927.13342,-1.44383,1.05348,603.53229,-201.77068
-0.51571,-0.30522,-52.38726,21.10464,-1.50376,-0.03826,34.45824,-14.91123
-0.27053,-0.66506,74.40821,-60.0119,-1.06812,-0.93924,-11.42386,66.22995
0.20475,-0.86863,-72.61286,20.60875,-0.17149,-1.46407,-8.15514,-50.55176
0.67159,-0.89075,10.12322,-133.25822,0.89661,-1.41023,70.54233,-37.67176
1.01711,-0.47961,-58.54452,-7.86095,1.74676,-0.732,-26.90524,-15.77536
1.21361,0.00717,-88.61906,16.18327,2.1127,0.23469,-40.59399,12.16927
1.02719,0.47823,-28.31558,9.65512,1.82705,1.2626,-8.01731,10.82494
0.6178,0.74599,-109.89959,8.28008,0.97601,1.96039,-18.98163,46.60975
0.1244,0.74533,-63.8969,29.07752,-0.0938,2.05006,15.57732,30.45562
-0.3017,0.54032,-335.91534,276.93091,-1.06327,1.53641,224.18401,63.49057
-0.5305,0.07428,-94.01995,-54.9041,-1.48298,0.62072,40.7616,54.0843
-0.39864,-0.41624,-142.21915,-140.24713,-1.31726,-0.41766,128.77742,65.6377
-0.1409,-0.78611,31.60958,-153.29089,-0.78873,-1.19007,77.26568,77.76989
0.34433,-0.91937,-83.19373,269.31888,0.22979,-1.48234,-185.91769,-27.30227
0.76849,-0.73175,233.07025,-56.04608,1.20589,-1.2593,115.66969,74.31536
1.10312,-0.29853,140.29382,213.86249,1.84647,-0.471,43.59855,126.94386
1.12985,0.16672,247.121,204.52254,1.91092,0.53312,147.6846,65.82647
0.87985,0.53751,128.47829,339.185,1.46353,1.44882,160.21017,73.15823
0.43588,0.75061,28.75332,344.55804,0.58817,1.92417,167.94389,36.393
0.01398,0.67708,25.25692,-767.90924,-0.4511,1.8107,-402.58469,86.34658
-0.40616,0.33136,-165.32147,241.69679,-1.27433,1.17177,164.79587,-38.13245
-0.48599,-0.06887,-198.30637,253.79211,-1.55235,0.25496,150.53705,-138.76451
-0.41484,-0.55584,-165.64513,87.78288,-1.25257,-0.66813,73.84936,-109.47388
0.00502,-0.76967,-46.96959,59.72975,-0.53224,-1.35414,-26.39787,-45.06137
0.52169,-0.85574,-91.36568,55.15274,0.49987,-1.44405,-53.6642,-44.69399
0.93077,-0.5533,-45.10017,-74.69492,1.3752,-0.98296,3.98972,-51.46391
1.10087,-0.19778,-82.5321,76.54561,1.84513,-0.09356,-46.71306,39.11644
1.03614,0.25951,-59.88496,-17.86132,1.75304,0.84905,-31.66703,5.14851
0.69247,0.67129,-93.23434,56.7258,1.07273,1.59416,-2.59611,56.738
0.25595,0.74722,-7.63375,-112.75319,0.2219,1.87148,-59.88968,-3.02206
-0.14702,0.57887,-65.3365,44.05898,-0.68442,1.60107,38.01607,24.55714
-0.43151,0.20685,-54.86162,8.87201,-1.31974,0.81873,33.02898,13.7676
-0.46973,-0.26576,-61.42175,73.47399,-1.41148,-0.07333,40.7014,-54.16922
-0.26252,-0.57391,-185.97261,-358.25543,-1.01572,-0.97594,271.41733,91.92287
0.1741,-0.88532,-103.50691,66.14146,-0.15943,-1.39022,-38.53103,-78.87231
0.65489,-0.71338,-90.92397,-80.48491,0.76976,-1.37715,16.41167,-75.19685
0.91585,-0.49626,-97.23114,6.56233,1.50603,-0.71593,-54.35035,-21.47953
1.10606,-0.03895,-97.39804,40.61068,1.79792,0.19148,-51.1866,28.03892
0.94395,0.40394,-29.20189,4.70562,1.48689,1.10113,-11.16996,11.43681
0.56101,0.64251,424.53241,1018.50787,0.77955,1.66772,598.86078,25.37011
0.06348,0.63323,-25.4471,75.56448,-0.17332,1.76406,43.82979,10.11901
-0.26515,0.54025,-44.78162,54.43211,-0.95671,1.4249,40.87511,3.98337
-0.49138,0.08917,-106.94936,78.35142,-1.44066,0.55631,82.87931,-22.38185
-0.47354,-0.36561,-116.5219,189.8373,-1.33144,-0.39611,41.43039,-154.90642
-0.17066,-0.72142,-119.19254,-18.43517,-0.77495,-1.18684,56.86433,-63.29865
0.25463,-0.78648,39.10986,92.22509,0.09426,-1.4248,-62.63819,31.59315
0.71537,-0.70851,-16.88454,-48.28277,1.01097,-1.11368,16.22281,-29.88785
0.92486,-0.30751,109.06544,32.62304,1.57758,-0.44378,58.67445,37.18448
0.9742,0.12337,22.56819,52.0836,1.62581,0.39891,20.50693,27.00398
0.82213,0.42232,-134.63121,57.8378,1.32241,1.3066,-29.64907,73.0313
0.40933,0.61851,-87.7191,96.24642,0.46818,1.65723,39.93578,64.21326
0.00461,0.66343,-110.73506,24.53113,-0.39649,1.61531,30.19446,61.14211
-0.34051,0.34415,-160.04346,-35.25912,-1.09006,1.08828,57.35728,89.60941
-0.42352,-0.06685,164.51746,106.11438,-1.43916,0.2051,-101.74065,-88.23314
-0.38698,-0.5007,-34.61037,-169.02864,-1.22025,-0.66682,80.1304,94.73156
-0.05041,-0.69576,14.25779,-97.21037,-0.4949,-1.24933,63.34868,36.50674
0.39415,-0.79132,152.87393,-110.09812,0.40024,-1.39649,101.84741,80.27996
0.80242,-0.578,132.44179,-109.62337,1.16988,-0.92481,115.25829,-2.59114
1.00568,-0.24747,195.35736,63.95891,1.60449,-0.15567,116.78979,51.19333
0.88499,0.1773,-665.84845,-393.32745,1.50967,0.66847,-465.20862,-54.5481
0.68867,0.51755,110.46243,169.9493,0.9492,1.35987,122.15711,4.03658
0.27844,0.63899,8.50873,296.35242,0.19292,1.65696,177.05092,15.47899
-0.06748,0.48585,26.81778,189.79356,-0.6745,1.48367,99.20166,-63.17446
-0.35331,0.18028,-174.92572,78.39124,-1.27742,0.8499,123.22103,20.61544
-0.41548,-0.19678,-42.12287,189.46292,-1.36894,-0.06726,23.91274,-139.57623
-0.2145,-0.53086,-225.17632,165.00241,-1.0192,-0.88241,46.16381,-201.86205
0.13937,-0.70726,-117.86733,143.62769,-0.19979,-1.27957,-95.53461,-107.03162
0.53391,-0.73127,-177.57573,184.80392,0.65741,-1.24931,-174.422,-50.3546
0.83543,-0.50572,-124.309,41.45846,1.39735,-0.67817,-83.65562,-10.9311
0.95294,-0.09057,270.24298,31.64732,1.54403,0.02952,175.35258,17.14397
0.85595,0.27592,-32.93841,0.78527,1.38863,0.83114,-17.21456,10.86898
0.59001,0.5239,59.61536,48.46819,0.72741,1.4771,42.40475,-19.47729
0.09436,0.5866,17.11831,79.88785,-0.07147,1.61437,48.92001,-12.7695
-0.23417,0.4173,-271.1387,74.58282,-0.87749,1.16723,152.39786,117.72356
-0.4107,0.08443,-62.17476,135.94183,-1.38337,0.54283,72.3624,-69.8737
-0.37457,-0.30927,-35.07444,-59.36707,-1.29577,-0.35555,36.86456,35.70076
-0.11338,-0.66317,-133.07965,56.95403,-0.7402,-1.10481,20.11985,-106.97501
0.23432,-0.69561,-10.49064,-30.36831,0.06869,-1.29478,22.95996,-9.32034
0.63981,-0.63094,-65.02121,-27.81515,0.8316,-1.12234,-11.71262,-49.25505
0.81692,-0.29471,762.74347,-45.98149,1.25999,-0.53985,524.67505,188.30609
0.90601,0.01595,23.3553,26.92246,1.49444,0.26771,18.26904,14.74234
0.75436,0.46241,-55.51978,-107.35504,1.1727,1.04549,-71.8503,-27.48903
0.31945,0.65194,-25.40165,115.89861,0.49438,1.4568,66.03503,39.84616
0.08228,0.60889,105.1803,119.41512,-0.43254,1.54714,53.96058,-83.06967
-0.21894,0.30105,-120.74361,72.32499,-1.03152,0.9753,96.80622,21.41485
-0.4047,-0.02141,-83.05605,8.09824,-1.37332,0.22331,59.85466,3.83604
-0.35325,-0.42181,-91.08433,-29.84096,-1.13429,-0.63545,72.33662,-14.2159
-0.04189,-0.60906,-125.20515,-101.07715,-0.57467,-1.16626,112.30039,-52.02062
0.33114,-0.68475,7.69852,-16.2444,0.24735,-1.25917,13.57796,3.44671
0.67078,-0.55429,-423.69922,318.7244,0.98142,-0.90267,-395.68726,-39.17762
0.92895,-0.18774,1.56457,75.03378,1.42208,-0.28372,-9.0659,50.95447
0.8723,0.23043,-69.91454,204.58813,1.35458,0.53679,7.11977,148.21257
0.67913,0.49628,-91.08129,74.81751,0.99628,1.21983,0.21048,74.83898
0.29849,0.59528,114.34051,-5.47265,0.26454,1.50238,9.46448,-74.43957
-0.03276,0.56763,-113.44623,-19.01897,-0.60475,1.35972,19.30255,74.84859
-0.29677,0.18194,4.07275,186.77831,-1.17413,0.7613,70.17416,-113.57709
-0.42121,-0.15029,-46.54507,-74.11656,-1.31505,-0.03164,36.72874,55.47644
-0.2441,-0.52151,9.49155,8.89128,-1.01169,-0.82646,-9.93277,-0.67435
0.10388,-0.71639,12.34578,-67.67474,-0.33138,-1.25611,47.9467,22.47769
0.51363,-0.62976,-388.15027,196.24994,0.44038,-1.14873,-261.88812,-237.49818
0.73711,-0.46836,59.55412,-61.74222,1.14887,-0.72646,61.30686,-14.97564
0.90027,-0.09277,315.47681,8.44971,1.47097,-0.06605,213.77983,15.34376
0.82937,0.29321,137.99423,-18.53905,1.28383,0.77382,72.45841,-58.11444
0.55295,0.46819,-18.22139,57.98856,0.7329,1.30926,27.79181,29.47451
0.1847,0.56407,162.00954,114.96532,-0.0657,1.48602,72.40249,-112.22334
-0.19065,0.3839,45.22235,78.73372,-0.75287,1.16191,29.96299,-58.33573
-0.39984,0.13998,39.21738,220.51917,-1.25136,0.43426,26.61045,-166.98836
-0.39211,-0.24143,15.2675,152.21353,-1.23539,-0.31479,-41.08596,-112.74183
-0.21715,-0.531,-108.24272,154.38657,-0.85832,-0.93993,-32.2226,-144.58447
0.21177,-0.7449,44.28616,-474.16748,-0.05161,-1.25187,376.66849,50.90418
0.57134,-0.61369,-95.44881,14.44557,0.65988,-1.08782,-48.61589,-58.25233
0.81482,-0.35455,-198.85927,-119.35787,1.23684,-0.58366,-94.25191,-140.97977
0.86964,-0.00644,17.61013,5.34808,1.42576,0.19034,12.62715,2.06532
0.70964,0.36766,-148.19052,231.28979,1.13855,0.94664,22.90921,184.09634
0.40485,0.56867,27.26024,102.63403,0.49097,1.33064,74.54195,7.01767
-0.01217,0.54575,-265.67197,44.62814,-0.3316,1.39781,72.91193,172.76578
-0.25946,0.35824,-66.81982,114.18356,-1.02415,0.95167,90.60835,-27.29565
-0.43416,0.08313,-175.86014,118.37897,-1.30999,0.22506,145.47678,-65.37271
-0.31284,-0.32489,-87.25536,24.97119,-1.12452,-0.53903,54.44016,-48.30175
-0.14005,-0.54129,165.24805,-167.91595,-0.59368,-1.00279,51.7513,195.42615
0.27904,-0.60488,-9.91833,-0.63871,0.16438,-1.19343,-0.59819,-8.22839
0.65091,-0.52638,-121.02063,156.98907,0.84848,-1.01731,-149.52361,5.74797
0.9325,-0.18299,12.68846,66.84016,1.3322,-0.3259,-2.59409,49.53819
0.89294,0.0967,239.01369,-15.7901,1.35487,0.42164,157.52731,-60.67742
0.65243,0.43146,-51.94614,85.9283,0.88187,1.06803,23.95986,68.4209
0.26753,0.55865,182.65221,119.27483,0.26944,1.42766,103.98697,-108.31288
-0.07433,0.47817,-72.81219,24.18289,-0.51459,1.26006,36.67387,42.80783
-0.30466,0.19765,-4.61096,16.76056,-1.05303,0.73883,10.4177,-8.60718
-0.39525,0.02106,-19.48066,3.58444,-1.19044,0.0247,16.41964,-2.67028
-0.24576,-0.47749,182.7012,478.32904,-0.9616,-0.70314,-360.8107,-233.5981
-0.00106,-0.66535,-6.2167,49.8587,-0.39836,-1.09937,-38.27717,-19.52469
0.38762,-0.71397,193.65894,-47.29495,0.37452,-1.18896,82.86365,136.77879
0.66383,-0.44963,-53.59006,55.32862,1.0578,-0.85027,-56.31794,7.03672
0.86321,-0.15815,-94.04973,-255.83177,1.35745,-0.12343,-51.71902,-193.16713
0.79866,0.26605,-57.65591,7.15635,1.28051,0.69823,-32.35767,23.2324
0.44488,0.48694,111.62885,-127.27395,0.73118,1.2147,-36.3061,-113.75249
0.1764,0.6684,-17.83217,7.88339,-0.06425,1.31132,6.66214,13.27221
-0.16516,0.47598,-69.35729,-84.71073,-0.70145,1.09093,-26.01595,80.30422
-0.36769,0.24612,-41.27523,42.29747,-1.15548,0.52048,43.4035,-17.05492
-0.4071,-0.14901,-342.27441,156.70113,-1.15501,-0.21211,262.56882,-183.89052
-0.15295,-0.42092,-98.25189,-12.36696,-0.87352,-0.92203,60.27088,-49.46046
0.1213,-0.62044,-131.63257,-165.20651,-0.24405,-1.22216,150.67538,-77.61639
0.454,-0.58096,-37.9597,-121.70335,0.56738,-1.11226,73.01145,-71.37263
0.72495,-0.40461,-149.41402,191.98386,1.18174,-0.66434,-165.46982,69.43561
0.78628,0.03286,118.3511,-101.96782,1.28247,0.109,84.91241,-86.72625
0.68342,0.36801,-121.28604,166.45386,1.03165,0.84391,8.63875,154.27998
0.45427,0.56389,164.31683,57.69007,0.54983,1.23061,88.80908,-93.84552
0.07756,0.53757,144.81126,233.15845,-0.22628,1.31133,154.15674,-137.03119
-0.22831,0.38493,47.23423,149.62445,-0.90668,0.95031,57.59626,-104.65656
-0.43078,0.0578,-270.70612,-53.71686,-1.18298,0.32926,200.65063,101.25575
-0.36841,-0.26664,-46.57114,86.12325,-1.14548,-0.42911,10.95401,-79.28896
-0.0912,-0.52363,-75.90915,286.71829,-0.66591,-0.9808,-164.12711,-188.82858
0.20551,-0.65246,-12.77996,20.61605,0.05819,-1.27045,-16.65311,-9.29662
0.53399,-0.56899,310.17032,145.40965,0.7953,-0.97771,65.79507,263.72256
0.83929,-0.29958,25.71326,54.04951,1.28019,-0.39536,6.43326,44.20656
0.80475,0.11599,62.84252,163.94476,1.29569,0.23316,69.035,114.10745
0.62446,0.41926,-18.19267,82.66573,0.93065,0.97713,35.06222,52.0126
0.33407,0.50494,88.42229,40.40776,0.27822,1.26502,45.1324,-59.97189
0.02941,0.53238,-46.92703,34.52322,-0.41672,1.22675,36.88078,25.72515
-0.24528,0.28145,224.97778,-277.09012,-1.01102,0.80118,-270.09741,60.0324
-0.33584,-0.05151,0.01653,8.03137,-1.22426,0.0111,0.04595,-6.55976
-0.28272,-0.38492,46.19772,-37.91945,-1.09278,-0.59948,-17.86347,44.49984
0.04372,-0.64426,20.70329,57.01915,-0.47774,-1.1051,-50.2958,-3.00865
0.32848,-0.6473,-125.10577,-328.09094,0.27974,-1.21296,234.24213,-157.16409
0.68108,-0.41363,-35.30611,75.54871,0.93707,-0.84671,-60.84707,25.64283
0.74763,-0.11724,-5.27961,-293.13895,1.27342,-0.20182,31.54481,-225.19946
0.74332,0.21122,-56.90826,14.6241,1.22407,0.5361,-34.61815,27.10867
0.60082,0.44489,-235.11404,-40.6217,0.72412,1.10225,-123.6282,132.08667
0.26205,0.58388,4.76296,-9.27605,0.10556,1.33532,-6.6233,-4.09049
-0.136,0.51038,170.93198,109.35292,-0.65669,1.1342,6.85725,-154.67766
-0.36143,0.27002,27.77435,54.57734,-1.09162,0.59389,1.35592,-49.25894
-0.38065,-0.1063,-126.27002,-51.07008,-1.21647,-0.1772,107.63223,26.30377
-0.22501,-0.39315,-42.17582,79.15849,-0.85551,-0.79355,-19.63432,-74.31562
0.10947,-0.60901,-335.32941,277.99002,-0.25235,-1.20606,-165.09125,-312.58069
0.38818,-0.55236,-73.45639,4.83817,0.49256,-1.12635,-27.54702,-53.17009
0.6638,-0.30461,-87.45872,59.07089,1.05578,-0.67797,-84.09061,1.95075
0.84267,-0.03934,0.50021,-32.10699,1.25094,0.01516,0.0889,-25.6673
0.70393,0.30416,46.80238,118.5135,1.0581,0.66121,82.14646,60.67244
0.48334,0.48826,38.5908,43.85587,0.54556,1.08896,46.38509,-12.19952
0.09456,0.57625,-29.27221,459.99893,-0.14699,1.21099,377.2305,-21.61595
-0.2025,0.43874,-47.18993,88.46411,-0.79174,0.97081,78.53347,-15.4387
-0.33828,0.14615,34.96527,103.46503,-1.2597,0.39704,-1.7002,-82.67033
-0.39072,-0.23263,-113.93275,-3.3249,-1.13079,-0.35817,92.41442,-26.33121
-0.1331,-0.49686,277.97516,75.73656,-0.74628,-0.92357,-196.74539,142.00002
0.17122,-0.58705,-37.89548,-98.2877,-0.03032,-1.13817,87.18117,-30.97237
0.54381,-0.4465,175.81155,128.66638,0.69957,-1.02835,-6.02521,175.06409
0.81128,-0.26342,67.17326,-58.98885,1.1166,-0.49334,69.86187,-21.96198
0.79397,0.0234,253.09073,-210.43158,1.25881,0.24367,162.60454,-198.64204
0.65661,0.33238,61.42047,25.50673,0.99982,0.84015,48.57203,-15.30362
0.36121,0.5619,-102.98117,-99.42825,0.38374,1.20592,-99.54485,53.71975
0.03339,0.57853,12.94395,27.20692,-0.32555,1.20201,18.37044,-15.74395
-0.24135,0.28061,82.31655,22.01699,-0.95565,0.79087,-39.80731,-55.98211
-0.29927,0.06247,30.40482,4.0913,-1.23353,0.15342,-23.867,-6.28519
-0.2958,-0.3303,-1.44035,-334.24408,-0.99746,-0.62391,151.69525,240.21124
-0.0912,-0.51665,51.16183,47.0082,-0.53352,-1.1152,-52.16159,20.92212
0.27153,-0.66151,-79.16058,-21.31384,0.19967,-1.11799,6.22053,-71.91698
0.58486,-0.45281,-5.93789,80.98466,0.841,-0.8941,-51.37227,41.68018
0.75496,-0.18249,-177.68347,83.59724,1.1894,-0.31119,-157.02939,29.20126
0.78527,0.16048,-53.16468,23.38836,1.14117,0.34516,-37.00348,31.68728
0.54413,0.43927,-187.5851,-263.65271,0.8121,0.92584,-261.38394,-26.66153
0.20338,0.58465,0.0693,-29.94205,0.11375,1.24946,-23.76197,-2.21869
-0.05518,0.46667,-90.32239,98.45415,-0.56792,1.14615,100.31738,29.09769
-0.29005,0.20351,55.48561,21.68529,-1.06977,0.62685,-29.76758,-37.71382
-0.34941,-0.04128,-209.2411,255.89995,-1.21325,-0.15423,143.33411,-229.14302
-0.20962,-0.34758,3.35631,81.08496,-0.8792,-0.72355,-47.5275,-53.11287
0.15809,-0.58817,-181.8699,-6.42883,-0.32591,-1.14119,47.29091,-145.86322
0.34529,-0.59906,-61.79825,31.1104,0.32583,-1.08855,-41.8256,-44.25178
0.66837,-0.43299,1.55392,241.62546,0.96102,-0.74811,-120.86367,157.33881
0.78871,-0.10047,-17.01482,-37.65415,1.20797,-0.10003,-11.42597,-32.11758
0.71673,0.28976,239.34047,55.01668,1.13699,0.59328,185.30025,-48.30059
0.43578,0.47542,52.27177,3.08197,0.6603,1.09488,23.17742,-33.76415
0.17841,0.52022,42.07755,-28.88377,-0.10729,1.23418,-26.16924,-31.81844
-0.14255,0.45501,13.50782,73.73806,-0.7964,0.99098,38.55432,-44.61496
-0.32878,0.16919,225.59134,234.40903,-1.08509,0.39959,-113.02085,-257.64725
-0.31178,-0.14272,-60.25527,37.79762,-1.17289,-0.3444,38.5841,-43.55576
-0.12848,-0.43501,73.55795,-37.39315,-0.77877,-0.91502,-15.97874,66.79029
0.10252,-0.56469,-29.74975,-37.65908,-0.11214,-1.17664,34.10545,-22.0332
0.52088,-0.4755,27.40536,-226.96855,0.54694,-1.04046,181.76236,-69.20772
0.69645,-0.27133,44.53627,-11.35613,1.03314,-0.60329,36.93283,10.57468
0.78744,0.05508,205.7287,131.76279,1.25683,0.07999,169.67319,94.0387
0.7038,0.34392,20.17717,62.50475,0.96332,0.76921,44.42838,29.40889
0.3865,0.50633,-41.37225,-71.36385,0.45939,1.21558,-62.62577,10.36744
0.12169,0.50627,-55.97717,41.9621,-0.23632,1.17294,43.61951,38.9356
-0.2561,0.40594,-112.209,-233.02882,-0.87681,0.83221,-65.37945,203.71642
-0.28921,0.10113,-43.6776,-33.15516,-1.19075,0.17307,31.9587,32.48887
-0.282,-0.26172,100.82026,27.31079,-1.04474,-0.48421,-89.41166,15.29904
-0.13987,-0.44023,22.63252,-27.29646,-0.60548,-1.05411,10.19792,27.32828
0.22995,-0.63943,-134.97758,-88.48039,0.15565,-1.16928,59.25446,-123.32413
0.53158,-0.45554,13.48695,27.81715,0.76366,-0.97623,-10.97285,22.39887
0.68772,-0.2523,-200.90057,47.23111,1.15201,-0.37842,-169.56274,-14.69971
0.71167,0.09721,-38.11143,7.37345,1.20622,0.28557,-28.54837,12.87156
0.59811,0.43675,78.79559,103.20683,0.81762,0.8688,108.26176,11.1893
0.33082,0.57741,-8.28481,-51.12074,0.1756,1.21208,-42.27904,0.71016
-0.01462,0.48778,-166.03793,-40.20816,-0.52809,1.09774,29.3444,137.13809
-0.26437,0.26778,61.25002,-20.62878,-1.02324,0.6244,-52.58152,-11.92616
-0.36826,-0.07156,12.30753,71.26897,-1.19179,-0.04297,-12.4671,-59.3506
-0.27625,-0.33621,36.71113,56.88007,-0.90428,-0.73295,-55.27015,-18.10279
0.04441,-0.54928,170.14607,185.28665,-0.47499,-1.09191,-199.68854,68.958
0.34117,-0.51215,-43.09732,40.38366,0.26506,-1.12437,-42.58603,-28.29075
0.63468,-0.3671,-200.85657,-50.17834,0.86665,-0.8869,-84.26328,-144.13188
0.77792,-0.09862,-32.88974,-37.99086,1.2261,-0.20118,-21.17055,-34.45903
0.71865,0.2336,54.32809,-25.28055,1.11711,0.45901,33.65244,-36.45797
0.54618,0.50767,42.73463,-30.78138,0.69042,1.05589,-1.88312,-41.70391
0.26697,0.5744,231.69308,67.09231,0.01209,1.24472,55.70488,-185.5999
-0.14641,0.44634,36.37297,43.4269,-0.71504,1.03961,12.0213,-43.25526
-0.31948,0.24232,-184.57942,15.96793,-1.14052,0.4652,143.64949,44.59239
-0.36537,-0.13584,-38.45776,38.31455,-1.10311,-0.17057,28.80368,-39.18695
-0.13561,-0.41257,31.15216,-3.3453,-0.7961,-0.84266,-16.3569,21.51571
0.06977,-0.56115,-36.0811,-36.39355,-0.15889,-1.2019,33.66035,-25.57034
0.44614,-0.52234,124.42037,-57.13816,0.49652,-1.06811,88.51637,75.33914
