1867.88379,0.08856,53497.23438,-0.41406,1909.84839,0.50348,28.01125,-0.0076
-10.30166,-1.23806,-104.84122,-7.35844,-10.53553,-1.30635,9.88581,-0.52735
-10.05492,-2.5254,2.11828,-16.55532,-10.31349,-2.61567,0.18953,1.55714
-9.65737,-3.77601,-100.78355,-21.67813,-9.81191,-3.79044,9.68039,-1.53027
-8.99765,-4.91323,10.21739,-32.11093,-9.31118,-5.00265,0.5863,3.13364
-8.33912,-5.94336,-92.79951,-34.09418,-8.53111,-6.09067,9.09515,-2.4969
-7.44247,-6.85602,15.26056,-45.04462,-7.70812,-7.04693,1.83174,4.16917
-6.5091,-7.73682,-81.75858,-43.86879,-6.6147,-7.94881,8.31804,-3.36368
-5.42802,-8.41265,30.89393,-55.37503,-5.56097,-8.59719,2.90234,5.47083
-4.19451,-8.98369,-68.31508,-50.22567,-4.31622,-9.18944,7.33839,-3.98729
-22.90401,103.04466,-481.27472,-15.69773,-23.38945,105.43158,0.82327,4.38217
-1.72931,-9.53502,-53.77082,-52.60204,-1.73039,-9.72401,6.19727,-4.42689
-0.39196,-9.62347,57.30745,-63.71188,-0.37442,-9.81032,6.26231,6.08055
0.92487,-9.45657,-39.02576,-50.73465,0.92059,-9.69472,4.80762,-4.48199
2.23571,-9.12025,78.90341,-62.63895,2.26534,-9.38402,8.2255,6.4226
3.37621,-8.66721,-25.48558,-44.94598,3.48379,-8.84189,3.41713,-4.22875
4.52891,-7.9813,77.98116,-55.00171,4.66384,-8.2457,9.10622,4.30663
5.62538,-7.24254,-14.03623,-35.5082,5.7655,-7.43199,2.06804,-3.49294
6.57141,-6.32028,96.52998,-47.42861,6.71349,-6.47479,10.97944,3.52439
7.47549,-5.27473,-5.6026,-23.32328,7.58516,-5.4011,0.96273,-2.38934
-96.88351,-49.02243,-415.63062,61.87505,-99.02526,-50.17294,3.08792,-2.18939
8.6493,-2.9331,-1.04569,-9.27433,8.86128,-3.00458,0.21244,-0.97458
9.04831,-1.61097,100.74543,-22.62532,9.31097,-1.67333,10.90459,-0.47023
9.34755,-0.28459,-0.47868,5.46063,9.53923,-0.24759,-0.06499,0.57075
9.2592,1.05116,111.56319,-12.76729,9.63083,1.15677,11.26226,-2.67839
9.23153,2.42326,-4.10172,19.87873,9.43715,2.45058,0.10525,2.0791
8.9079,3.68953,83.96506,4.11892,9.14307,3.86223,7.95439,-2.90961
8.5305,5.04681,-11.51036,32.64203,8.66544,5.14378,0.67122,3.36849
7.83927,6.1882,88.20416,10.4634,7.99287,6.3561,7.39803,-4.57397
7.03773,7.35898,-22.26294,42.81803,7.16767,7.52209,1.50529,4.39405
-104.772,35.47699,-432.1665,161.08386,-107.14494,36.31816,4.07489,-0.12218
5.16014,9.304,-35.36972,49.59754,5.21233,9.5282,2.44344,5.04878
4.04567,10.07381,55.05909,21.89977,4.04921,10.36414,3.63389,-3.89272
2.83306,10.76314,-49.94673,52.47505,2.89406,11.00761,3.34311,5.41643
1.48619,11.22603,57.59021,15.15531,1.54045,11.47444,1.95928,-4.75597
0.17348,11.54329,-64.65092,51.18068,0.13996,11.80772,4.26901,5.52591
-1.21839,11.70901,12.96172,19.83798,-1.20075,11.96623,1.53369,-1.23709
-2.54348,11.71454,-78.50054,45.89026,-2.58557,11.92371,5.0393,5.49083
-3.95589,11.53028,17.86961,4.38464,-4.01376,11.74961,-0.13107,-1.47609
-5.26233,11.1461,-90.29478,36.87215,-5.33111,11.3794,5.70544,5.262
-108.75789,-39.91133,-486.18307,184.1994,-111.28716,-40.86714,3.31401,-2.87215
-7.70357,10.05123,-99.07224,24.93605,-7.84321,10.29021,6.17452,4.92159
-8.80895,9.30127,-8.81489,-19.77127,-9.01704,9.50483,-0.63175,1.52674
-9.74145,8.39264,-104.12956,11.02187,-9.99899,8.62299,6.51749,4.5183
-10.67141,7.39085,9.97796,-45.68191,-10.89185,7.56859,-2.5832,2.39911
-11.37634,6.30623,-105.2395,-3.71859,-11.61661,6.46378,6.78163,4.09358
-12.01072,5.17067,-26.46078,-46.096,-12.2599,5.29674,0.44992,3.95428
-12.45812,4.01129,-102.1851,-18.16132,-12.67644,4.08008,6.88649,3.64919
-12.7475,2.74358,0.36949,-71.9753,-13.04231,2.79752,-1.15873,5.27006
-12.89398,1.53047,-95.11613,-31.21961,-13.17937,1.55799,6.84141,3.17758
100.42652,14.58584,-470.42365,150.00288,102.69347,14.86467,-4.27975,2.08017
-12.81803,-0.88312,-84.72374,-41.78957,-13.12249,-0.91679,6.64642,2.72023
-12.58044,-2.03602,9.60544,-91.69411,-12.78469,-2.05737,0.39269,7.10899
-12.09637,-3.17098,-71.80786,-49.12201,-12.39288,-3.19347,6.39129,2.31678
-11.59923,-4.15633,49.43119,-113.12284,-11.86935,-4.32862,-0.60802,9.7524
-10.94731,-5.08749,-57.35611,-52.42338,-11.24399,-5.24062,5.97592,1.87708
-10.25334,-5.9695,20.53661,-92.479,-10.59875,-6.10828,2.32033,7.3882
-9.50127,-6.63555,-42.57399,-51.66018,-9.74446,-6.8231,5.42257,1.5046
-8.68644,-7.29445,59.87521,-106.10271,-8.84408,-7.47289,1.96441,10.33718
-7.76613,-7.76385,-28.55965,-46.84171,-7.97808,-7.93782,4.73455,1.16064
-91.82262,68.03246,-378.61365,176.04837,-94.00137,69.65221,3.49601,0.71761
-5.97178,-8.36986,-16.5372,-38.25994,-6.06214,-8.57288,3.88456,0.81788
-5.05915,-8.56611,70.96696,-85.84562,-5.09889,-8.67047,3.78025,10.40797
-4.11309,-8.4897,-7.20279,-26.64526,-4.25653,-8.71071,2.79546,0.53913
-3.25981,-8.3874,107.75072,-94.65929,-3.27713,-8.60403,5.4423,14.59617
-2.47171,-8.16997,-1.56604,-12.92745,-2.5677,-8.38589,1.46171,0.26082
-1.68727,-7.86459,62.62664,-49.35564,-1.76229,-8.03448,4.22978,8.7225
-1.10661,-7.53523,0.0364,1.76612,-1.16787,-7.68172,-0.22542,-0.02953
-0.48374,-7.04861,89.60025,-56.07042,-0.54395,-7.23276,6.78226,12.89818
-0.02117,-6.53047,-2.56386,16.4584,-0.02155,-6.7344,-2.44269,-0.38853
1.76332,108.18856,-341.55634,273.26431,1.80081,110.61496,2.4195,3.12718
0.65505,-5.46984,-9.10342,29.70113,0.67926,-5.56802,-5.45254,-0.96978
0.85413,-4.86998,62.49831,-23.88584,0.85698,-4.97631,6.7622,11.39463
0.91777,-4.37878,-19.09877,40.66403,0.9623,-4.43416,-9.65085,-2.21278
0.94542,-3.80415,82.80531,-42.4866,0.97905,-3.84781,15.51308,17.5729
0.79903,-3.3041,-31.77192,48.50906,0.87114,-3.4125,-15.57679,-5.33404
0.63652,-2.85008,16.54546,4.41864,0.66143,-2.90202,-0.21214,5.74972
0.46585,-2.4421,-46.01811,52.38745,0.46865,-2.46727,-23.91298,-14.1092
0.20749,-2.09229,30.99982,-20.84466,0.1691,-2.17187,10.64435,13.44454
-0.21592,-1.8475,-60.89647,52.19669,-0.18716,-1.86417,-24.47347,-35.12393
113.16273,8.62814,-381.78265,332.19547,115.72272,8.91996,-3.05967,3.10646
-0.93229,-1.57871,-75.04333,47.85525,-0.9706,-1.56573,-0.61632,-48.31076
-1.33341,-1.46757,-12.16111,-20.84134,-1.43403,-1.57055,11.09242,2.38497
-1.79674,-1.60814,-87.55713,39.77852,-1.77182,-1.6184,15.7605,-36.8464
-2.14845,-1.73214,9.96682,-65.71857,-2.20115,-1.73065,11.70853,20.65067
-2.5402,-1.98574,-97.21822,28.56506,-2.55609,-2.02975,17.88327,-25.37612
-2.81591,-2.2796,-52.98582,-26.31635,-2.87131,-2.32835,15.61673,-3.49833
-3.03457,-2.65632,-103.28561,15.03882,-3.16855,-2.67846,16.67176,-18.83936
-3.274,-3.01235,-27.31646,-73.72018,-3.3167,-3.12338,15.45851,7.66947
-3.3722,-3.54602,-105.48289,0.39422,-3.48832,-3.61627,14.51856,-15.16411
3.33304,109.92626,-388.65277,299.25397,3.45735,112.42988,2.55298,3.53535
-3.3812,-4.5378,-103.47398,-14.35615,-3.50724,-4.57604,12.89383,-12.72981
-3.35458,-5.01153,-38.99604,-91.33797,-3.38072,-5.24164,15.6949,2.68313
-3.16088,-5.52879,-97.52946,-27.7806,-3.21219,-5.72185,10.96759,-10.88801
-2.84796,-6.07905,2.83583,-146.52316,-2.88544,-6.23058,19.19025,9.34232
-2.45903,-6.52003,-88.01208,-39.1451,-2.46453,-6.71396,9.37862,-9.66616
-2.02928,-6.97529,-41.67612,-92.96508,-2.07622,-7.15297,13.54658,-1.89438
-1.49027,-7.3398,-75.63698,-47.45417,-1.52064,-7.47686,8.0704,-8.47478
-0.95819,-7.65868,1.39462,-138.98547,-0.94083,-7.77832,17.58929,2.30681
-0.35586,-7.86717,-61.52946,-51.80486,-0.33382,-8.1394,6.66352,-7.28617
-100.36934,45.84212,-305.21185,279.17041,-102.61983,46.89315,3.48882,-1.12618
1.08046,-8.13842,-46.60304,-52.2684,1.02508,-8.31163,5.51322,-6.28692
1.65908,-8.08654,14.92081,-125.17864,1.81365,-8.28792,14.78949,-1.43608
2.40063,-8.00014,-32.39187,-48.49258,2.49713,-8.1635,4.32203,-5.28996
3.12096,-7.70779,62.07874,-169.81293,3.24371,-7.92991,21.088,-0.79756
3.83797,-7.4022,-19.58324,-40.80391,3.8661,-7.61797,3.22186,-4.20575
4.36584,-7.05984,19.02409,-84.96558,4.56508,-7.26891,9.56137,-3.38762
5.02349,-6.54401,-9.54541,-29.94359,5.1231,-6.73764,2.13348,-3.03897
5.54418,-6.1402,56.19992,-118.89297,5.65212,-6.20412,14.98171,-4.59025
6.00819,-5.44213,-2.83258,-16.72186,6.07325,-5.59,1.11947,-1.72297
-23.85548,105.31586,-221.53931,342.12436,-24.45639,107.70558,3.46488,1.27014
6.66051,-4.11161,-0.18688,-2.20991,6.7987,-4.16883,0.12487,-0.24848
6.83983,-3.39005,46.16254,-72.43003,6.95751,-3.42257,9.46548,-5.75403
6.93883,-2.62937,-1.63286,12.56371,7.0671,-2.67826,-0.79116,1.47794
6.92993,-1.86112,74.39085,-116.65412,7.05196,-1.84256,13.92077,-12.90481
6.77533,-1.11169,-7.22845,26.34032,6.98377,-1.14553,-1.61037,3.5075
6.51621,-0.35637,15.25519,-15.91042,6.72916,-0.36987,2.38977,-2.23305
6.23216,0.21886,-16.32543,37.98098,6.39927,0.25402,-2.3119,6.02698
5.90054,0.88568,31.17066,-58.10283,5.97133,0.93263,3.61222,-10.29446
5.40614,1.47801,-28.32057,46.74213,5.53026,1.45319,-2.71275,9.1649
-51.56503,-97.33305,-221.16718,424.12317,-52.76132,-99.53971,-2.40689,-3.49768
4.20433,2.27851,-42.3223,51.63203,4.34496,2.36775,-2.51735,13.25502
3.5529,2.59494,-11.1582,-27.54599,3.63767,2.73919,-5.59629,-3.35839
2.98062,2.80063,-56.98301,52.55351,2.9564,2.87922,-1.00711,18.75699
2.19016,2.93099,2.88826,-95.5393,2.26417,2.98765,-19.84685,-16.00752
1.50339,2.89755,-71.52116,49.31056,1.52472,2.96467,3.3417,25.84311
0.77375,2.73921,-57.86621,-0.62044,0.79262,2.79402,-5.64324,19.10984
0.09858,2.5528,-84.53046,42.17844,0.11652,2.5899,14.78736,33.30376
-0.48923,2.22135,-46.34101,-68.2766,-0.54287,2.23385,-24.09975,26.60161
-1.16376,1.8038,-95.03365,31.73931,-1.14569,1.77703,36.97201,29.64235
-67.87372,94.21992,-249.49864,410.21387,-69.42065,96.39455,4.02964,-0.31372
-2.09392,0.5822,-102.15399,18.59219,-2.11763,0.68984,46.19728,6.26959
-2.40766,-0.07145,-73.88634,-70.09373,-2.46407,-0.12419,31.33961,26.86687
-2.60825,-0.7292,-105.35486,4.23656,-2.68553,-0.75851,35.91958,-11.72276
-2.79843,-1.54426,-50.44761,-160.07376,-2.80881,-1.56972,37.95539,35.77829
-2.74412,-2.37486,-104.47228,-10.60297,-2.79314,-2.39023,23.46677,-16.28564
-2.58223,-3.14712,-87.68076,-62.27302,-2.69359,-3.22413,24.7559,-6.51293
-2.384,-3.91144,-99.4827,-24.45253,-2.41859,-4.06248,15.20786,-15.43419
-2.043,-4.72101,-61.68066,-140.22156,-2.02758,-4.85007,29.13581,-0.53719
-1.49913,-5.48312,-90.74915,-36.5079,-1.56613,-5.61692,10.21063,-13.30943
-109.47694,-41.65214,-198.34375,357.52725,-111.90469,-42.5648,0.48677,-3.38008
-0.18329,-6.75832,-79.0394,-45.58995,-0.2503,-6.9484,6.96194,-11.1244
0.64518,-7.27365,-50.03438,-131.30806,0.55672,-7.47583,16.97182,-7.95669
1.37816,-7.70156,-65.37913,-51.11147,1.44244,-7.88548,4.80433,-9.1699
2.44552,-8.02441,-16.52911,-217.98567,2.49753,-8.25547,23.63599,-9.1528
3.46593,-8.24776,-50.54928,-52.58313,3.48235,-8.41587,3.21267,-7.33577
4.54298,-8.22242,-33.57256,-93.40614,4.6173,-8.44181,6.84249,-7.71948
5.563,-8.17088,-36.08036,-49.82759,5.71307,-8.37578,2.05477,-5.70925
6.68509,-7.92311,-5.43954,-159.22662,6.83104,-8.12549,11.1516,-10.0445
7.80349,-7.58972,-22.77811,-43.12346,7.91881,-7.82052,1.26645,-4.19497
-38.65067,96.6982,-94.16988,365.12549,-39.52615,98.93666,3.51046,-0.45064
9.86504,-6.44736,-11.99307,-33.07544,10.07784,-6.6168,0.67419,-2.83935
10.80981,-5.64381,6.55974,-109.40303,11.04124,-5.81637,4.55092,-7.51122
11.62185,-4.86602,-4.40503,-20.4169,11.88284,-4.95377,0.29441,-1.59545
12.4766,-3.796,24.81327,-186.63113,12.71065,-3.8995,5.90134,-12.87258
13.16536,-2.71016,-0.6148,-6.09471,13.42174,-2.75707,0.04555,-0.44474
13.62398,-1.48576,4.87018,-37.01789,13.95102,-1.55474,0.63689,-2.58244
14.09241,-0.21942,-1.01662,8.71946,14.38607,-0.23149,-0.0804,0.60481
14.34906,1.11084,10.56132,-98.18172,14.68572,1.13205,0.2026,-6.70114
14.48119,2.46043,-5.52503,22.79572,14.79746,2.53208,-0.10665,1.55876
-73.00143,77.20706,-47.67002,437.78909,-74.64094,79.05557,3.2288,-2.4455
14.20798,5.26398,-13.82155,35.12144,14.5686,5.3601,-0.05439,2.43077
13.87537,6.59779,-12.54743,-41.30373,14.13839,6.72135,-1.85668,-2.03873
13.39213,7.96817,-25.12693,44.6536,13.69266,8.09533,0.06889,3.2204
12.72562,9.18682,-20.68941,-131.50491,13.04206,9.42113,-5.82863,-5.87275
11.92451,10.44359,-38.7392,50.60991,12.25814,10.63366,0.24037,3.92016
11.00539,11.50611,-44.50452,17.42108,11.30527,11.74844,-1.12275,2.70773
10.03788,12.54453,-53.32894,52.4885,10.24282,12.85507,0.47564,4.52747
8.88383,13.44646,-57.92446,-63.0021,9.0821,13.75819,-5.12514,0.82696
7.6705,14.26356,-68.0132,50.37224,7.86698,14.51087,0.71897,5.07684
-104.17857,43.33672,-74.88404,457.9599,-106.60387,44.36824,2.1227,-3.41244
4.96252,15.30181,-81.41881,44.05538,5.06029,15.68056,1.02698,5.52376
3.52563,15.6339,-88.38658,-40.3951,3.64322,16.03698,-3.58587,4.6968
2.10366,15.87788,-92.63399,34.4095,2.16938,16.20054,1.33437,5.89664
0.66302,15.87922,-102.74937,-155.90704,0.69714,16.2501,-9.84736,5.90054
-0.79401,15.81314,-100.71931,22.00247,-0.74297,16.09228,1.65271,6.18256
-2.12154,15.41053,-104.80835,-15.71043,-2.14475,15.80778,-0.09258,6.64274
-3.44218,15.04853,-104.91426,7.74879,-3.50792,15.36741,1.96049,6.37954
-4.645,14.49336,-113.23901,-114.33188,-4.75505,14.77912,-4.77639,9.19886
-5.93501,13.74782,-105.07436,-7.12258,-6.0229,14.0857,2.26913,6.48939
98.11008,57.64647,-70.76743,392.81146,100.33476,58.86747,1.18407,3.2203
-7.9661,12.02214,-100.96832,-21.38823,-8.19837,12.31017,2.58045,6.48349
-8.84138,10.96865,-105.68929,-105.67822,-9.03311,11.29727,-1.14313,10.26933
-9.56694,10.04332,-93.1432,-33.90461,-9.83238,10.20213,2.83882,6.39384
-10.2175,8.85962,-111.13957,-226.84076,-10.46528,9.05367,-4.65105,17.65187
-10.73358,7.72519,-82.20071,-43.94183,-10.93579,7.94628,3.00849,6.20423
-10.96652,6.54679,-79.42858,-73.98531,-11.25289,6.64478,2.35498,7.96539
-11.21222,5.30652,-68.84606,-50.38873,-11.42062,5.45948,3.19009,5.93706
-11.3148,4.21266,-79.92103,-165.49315,-11.47217,4.24913,1.42761,14.95438
-11.20206,2.97847,-54.16987,-52.82254,-11.45179,3.02581,3.28235,5.47987
101.56206,-17.05274,22.88684,349.64276,103.94449,-17.43878,-0.33473,3.30759
-10.65385,0.90852,-39.37802,-51.04502,-10.93245,0.81557,3.23561,4.91051
-10.26738,-0.15721,-47.22038,-123.35609,-10.49428,-0.25267,4.77988,11.63952
-9.73365,-1.0305,-25.6614,-45.36567,-10.00599,-1.11859,3.03354,4.19473
-9.13715,-1.88718,-60.78295,-230.19426,-9.39129,-1.9378,11.0591,22.22953
-8.52034,-2.59227,-14.12654,-36.08443,-8.73088,-2.68023,2.63813,3.3231
-7.65479,-3.14733,-14.6123,-52.42543,-7.93433,-3.27468,3.90373,4.99626
-7.01461,-3.73536,-5.68285,-23.95832,-7.11605,-3.80547,2.02108,2.28598
-6.18345,-4.14512,-31.28846,-128.26187,-6.33512,-4.21187,12.75951,11.76307
-5.31083,-4.52085,-0.8022,-9.95502,-5.46097,-4.54868,0.98318,1.00401
-4.60031,-4.6885,108.47673,389.37012,-4.67942,-4.72063,-53.0921,-29.64935
-3.73678,-4.67581,-0.17436,5.01706,-3.78593,-4.84008,-0.62561,-0.52538
-2.95803,-4.6908,-22.44663,-58.82287,-3.02974,-4.75881,10.93254,2.24343
-2.1983,-4.59311,-3.58445,19.38906,-2.26934,-4.67776,-3.05434,-2.24804
-1.49752,-4.34506,-66.58546,-162.62155,-1.56166,-4.43106,37.35637,-1.86127
-0.81282,-4.08303,-10.88757,32.31577,-0.90206,-4.17058,-6.86281,-4.09493
-0.30276,-3.71591,-21.93114,20.00348,-0.32591,-3.80842,-4.72502,-6.16294
0.16655,-3.32411,-21.67552,42.65944,0.2342,-3.38201,-12.99513,-5.50917
0.70195,-2.92824,-66.3974,-61.29637,0.5914,-2.94008,15.67174,-25.73593
1.00937,-2.39098,-34.70861,49.6274,1.01049,-2.41492,-22.60623,-4.91334
1.30541,-1.95314,101.6676,430.52966,1.23244,-2.01783,-132.98074,131.60579
1.45668,-1.42188,-49.21178,52.58784,1.42947,-1.32997,-36.79943,2.55032
1.55901,-0.86107,-83.38491,-14.25496,1.47469,-0.92719,-36.16861,-32.40699
1.54522,-0.41453,-64.13298,51.52876,1.62596,-0.35616,-44.26132,21.99603
1.49024,0.17162,-149.90298,-137.10803,1.56611,0.18637,-104.65318,-75.09342
1.41919,0.5777,-77.99933,46.38913,1.44358,0.60042,-34.66894,46.55441
1.18157,1.042,-90.43683,28.69823,1.28238,1.03006,-31.93969,48.03415
1.01936,1.33541,-89.93893,37.52349,1.05285,1.37551,-14.35705,54.39671
0.70327,1.68128,-143.09999,-71.66669,0.74372,1.68505,-66.96777,55.36607
0.42259,1.98137,-98.91854,25.76173,0.44175,1.9623,1.69425,50.79081
0.03623,2.18729,74.79514,381.56757,0.11491,2.14342,179.37291,-25.27925
-0.27321,2.23423,-104.17039,11.7363,-0.34792,2.38233,11.07606,42.10875
-0.67844,2.33439,-137.27197,-58.00564,-0.70481,2.46604,-7.03752,57.67636
-1.01458,2.2885,-105.49461,-3.04954,-1.03951,2.42371,14.70477,37.2193
-1.37001,2.32104,-202.11082,-192.88553,-1.40616,2.38114,-22.89572,98.40076
-1.62678,2.23288,-102.51408,-17.53136,-1.73444,2.28182,16.77434,32.1761
-2.0644,2.01773,-105.17741,-34.19099,-2.01205,2.11875,16.30235,34.15994
-2.2299,1.93325,-95.6674,-30.6288,-2.34356,1.89505,18.29245,27.86103
-2.45081,1.62841,-148.33466,-134.97717,-2.55215,1.71801,15.49709,63.31958
-2.76277,1.35799,-85.50041,-41.44704,-2.80138,1.38045,18.69137,24.00579
-2.89218,1.1125,129.26114,297.60547,-2.9396,1.12476,-4.56695,-102.9874
-2.95992,0.7197,-72.59949,-48.97223,-3.06644,0.78805,18.35876,20.68839
-3.04482,0.50123,-101.91878,-108.63248,-3.13156,0.47198,26.71054,38.71532
-2.97,0.135,-58.18001,-52.53404,-3.08765,0.15603,17.93719,17.92068
-2.99904,-0.1732,-167.19995,-229.29724,-3.04211,-0.15991,58.76155,72.2857
-2.9076,-0.47719,-43.47173,-51.98248,-2.89007,-0.461,17.46642,15.20048
-2.69905,-0.79443,-40.35863,-56.31085,-2.7755,-0.73654,18.61414,15.34887
-2.4747,-0.93405,-29.23268,-47.20644,-2.59236,-1.03465,15.99618,11.82549
-2.33561,-1.20145,-88.88106,-136.01613,-2.35984,-1.1918,53.20308,30.7684
-2.07738,-1.43103,-17.03213,-38.86042,-2.1476,-1.47452,13.83336,8.59694
-1.75261,-1.61347,226.27333,287.64218,-1.82869,-1.60012,-148.03091,-27.76594
-1.52449,-1.60736,-7.6331,-27.29112,-1.57071,-1.73826,10.82747,5.39259
-1.19989,-1.70944,-44.46486,-72.92151,-1.21193,-1.767,39.80347,2.13596
-0.87691,-1.64116,-1.75014,-13.63986,-0.95393,-1.77125,6.3818,2.44894
-0.61469,-1.64775,-135.28976,-174.95027,-0.62483,-1.71635,115.3408,-36.83458
-0.34318,-1.58287,0.0327,1.00807,-0.38484,-1.61905,-0.59388,-0.12096
0.0432,-1.45356,-2.9151,5.57174,-0.06905,-1.47371,-3.67999,-2.15048
0.19234,-1.29977,-2.37023,15.67064,0.19405,-1.33363,-11.75997,-0.06618
0.42999,-1.06797,-78.94149,-62.99977,0.40689,-1.15842,27.10467,-77.66603
0.66122,-0.87059,-8.69638,29.10615,0.63839,-0.9126,-25.89029,8.58186
0.84878,-0.64116,252.16176,331.52515,0.87273,-0.6964,-8.66655,372.95389
0.88563,-0.35739,-18.65884,40.21244,0.98605,-0.37835,-30.13401,29.21881
1.00004,-0.13163,-67.92838,-2.09933,1.01183,-0.10509,-66.20463,-8.95058
1.01328,0.20201,-31.15563,48.13195,1.06144,0.20812,-19.70346,49.20952
1.00479,0.4679,-191.02747,-108.00465,1.03288,0.5426,-187.99693,-5.80726
0.94856,0.72851,-45.42456,52.21583,0.99986,0.78779,-2.64322,54.30565
0.88702,1.07236,-52.80078,52.87793,0.88788,0.99496,3.22277,55.94391
0.72747,1.25184,-60.2362,52.2281,0.73688,1.29881,10.51498,52.3438
0.5764,1.47481,-148.63239,-27.49369,0.62613,1.53361,-49.28145,76.79662
0.47114,1.70134,-74.47096,48.07052,0.44964,1.76886,15.47405,46.03446
0.21548,1.85049,209.16983,314.10406,0.11973,1.86426,174.97141,-100.96252
-0.08985,2.01894,-87.03027,40.12996,-0.10115,2.08048,21.27228,40.79769
-0.27714,2.04219,-138.11804,-6.18671,-0.35532,2.16538,7.4099,62.56869
-0.57226,2.14859,-96.86176,28.99655,-0.59125,2.21618,23.10027,37.54373
-0.82918,2.17266,-270.69351,-124.25832,-0.85364,2.20136,-7.61716,125.92037
-1.11905,2.14911,-103.21542,15.5664,-1.13509,2.21944,24.41247,34.01987
-1.37509,2.12822,-102.10299,10.68949,-1.39995,2.15462,25.13854,31.05439
-1.64872,1.97172,-105.56574,0.88209,-1.67401,2.0615,25.31687,30.65005
-1.86002,1.83315,-192.62808,-76.51674,-1.88738,1.89417,30.57668,71.22807
-1.96202,1.68575,-103.64419,-13.75239,-2.09065,1.66822,27.0824,28.18827
-2.25992,1.46269,210.73247,219.61642,-2.26673,1.50721,-19.7936,-110.04842
-2.40159,1.32186,-97.896,-27.46685,-2.42627,1.36669,25.78896,25.84723
-2.43685,1.03145,-141.12404,-68.8243,-2.56633,1.02872,38.11587,42.09702
-2.60819,0.80704,-88.46098,-38.96225,-2.6449,0.86535,25.85824,23.19129
-2.64024,0.59332,-269.15613,-176.62408,-2.69882,0.58017,81.8783,83.04639
-2.61107,0.29224,-76.2227,-47.29921,-2.63804,0.28442,26.65079,20.80309
-2.5552,0.07221,-63.31515,-46.03697,-2.63283,0.06978,23.56833,18.11041
-2.51361,-0.15307,-62.19408,-51.89835,-2.46529,-0.22099,26.89879,18.64036
-2.34374,-0.45468,-147.58533,-114.10019,-2.46562,-0.41337,65.76711,35.25034
-2.2361,-0.64403,-47.2445,-52.49807,-2.29394,-0.65896,25.09841,15.67581
-2.16993,-0.84423,291.1185,158.45969,-2.2007,-0.8813,-138.85204,-16.39909
-1.93556,-1.02063,-32.85449,-48.90301,-1.97505,-1.02154,23.22755,12.74657
-1.67861,-1.13218,-74.9418,-75.27023,-1.71371,-1.11574,50.79541,10.8511
-1.49148,-1.1761,-20.01847,-41.36517,-1.53397,-1.23551,21.08869,9.98054
-1.25183,-1.17533,-216.31741,-153.88867,-1.26797,-1.2918,144.38515,-25.73224
-1.00768,-1.33168,-9.78689,-30.72631,-1.03969,-1.27234,18.24935,7.2204
-0.77159,-1.28858,3.51314,-19.03935,-0.79712,-1.30526,9.42707,8.44865
-0.49977,-1.19068,-2.93618,-17.45499,-0.54181,-1.21812,12.8578,3.30867
-0.33724,-1.15114,-98.57056,-62.4081,-0.34278,-1.19157,70.35033,-62.48574
-0.1107,-1.04192,-0.09601,-2.90789,-0.09517,-1.04837,2.75929,0.1589
0.09538,-0.96364,346.81174,181.83412,0.07925,-0.93053,-162.48773,386.54269
0.29272,-0.78815,-1.30988,11.86263,0.2477,-0.76634,-14.51552,2.98249
0.42944,-0.58629,-52.79735,-5.05174,0.45248,-0.56272,-40.36673,-61.36602
0.51217,-0.35523,-6.70867,25.75915,0.52023,-0.37174,-31.9588,26.67798
0.61835,-0.15737,-226.46364,-68.44773,0.62073,-0.13366,-325.97693,-180.45862
0.65835,0.04623,-15.66263,37.43647,0.62643,0.17336,-7.86202,61.93773
0.67379,0.31454,-8.33542,48.19388,0.72762,0.3215,14.90098,59.65081
0.6688,0.62312,-27.58384,46.43718,0.62761,0.59775,13.90591,60.74636
0.53871,0.79921,-135.64204,6.8597,0.56878,0.77964,-77.09489,117.7356
0.47508,0.95529,-41.59968,51.50152,0.527,1.04087,23.27691,51.75147
0.39199,1.18685,310.84216,196.47882,0.37271,1.22726,217.00076,-187.3799
0.27456,1.41066,-56.33541,52.6468,0.24896,1.4436,28.88008,44.00475
0.01011,1.54758,-112.88422,32.98631,0.07565,1.62806,17.00237,70.12653
-0.10467,1.6678,-70.89578,49.58183,-0.10138,1.68938,31.75314,40.05994
-0.29397,1.71937,-305.76779,-35.14441,-0.29496,1.82094,7.69767,166.6709
-0.52221,1.87115,-83.95164,42.60602,-0.56271,1.86664,33.35189,34.92058
-0.75456,1.88104,-72.88369,43.41332,-0.73025,1.92782,32.21745,25.60252
-1.00094,1.90224,-94.61279,32.22083,-1.01137,1.90964,33.66861,31.71356
-1.19604,1.85298,-202.60808,-6.94257,-1.20588,1.91241,45.20133,77.44204
-1.42704,1.75541,-101.88158,19.22716,-1.48997,1.83258,33.52877,28.33424
-1.60757,1.73585,265.10498,121.74132,-1.66107,1.72741,-40.05864,-114.94915
-1.85603,1.57321,-105.36806,4.82251,-1.86448,1.6035,33.76422,26.45166
-2.04085,1.39279,-153.82204,-16.06578,-2.09479,1.49037,45.13005,39.7779
-2.11767,1.21985,-104.6179,-10.06003,-2.14748,1.29704,33.62206,24.99178
-2.24984,1.13071,-341.43671,-78.55699,-2.33292,1.13752,104.97865,84.86035
-2.42461,0.90213,-99.86426,-24.04935,-2.37607,0.9231,33.101,22.98112
-2.41423,0.69001,-75.35975,-25.51567,-2.44645,0.68967,25.81219,17.70638
-2.40686,0.40718,-91.20163,-36.20733,-2.46815,0.44205,33.25722,20.62635
-2.48077,0.23756,-191.30902,-64.26927,-2.51718,0.26067,72.57904,33.0482
-2.39916,0.03851,-79.58094,-45.39656,-2.48442,-0.01871,32.16785,18.0302
-2.38253,-0.24019,302.42935,25.85034,-2.42385,-0.20085,-124.79896,-0.32362
-2.3491,-0.39289,-65.98079,-51.12099,-2.31167,-0.40983,31.47381,16.53434
-2.08934,-0.68372,-105.53568,-60.9936,-2.222,-0.62981,51.16552,12.94742
-2.02103,-0.80474,-51.17942,-52.83505,-2.02196,-0.74484,30.76316,14.79826
-1.84476,-0.87229,-291.37689,-91.86173,-1.89544,-0.88107,144.93678,-18.90706
-1.68972,-1.0084,-36.56345,-50.21682,-1.67184,-1.02734,29.27385,12.04821
-1.4067,-1.05352,-5.29664,-43.9796,-1.49254,-1.0775,16.31706,17.68662
-1.24699,-1.17394,-23.19132,-43.7186,-1.25277,-1.1761,27.25387,9.31172
-1.03388,-1.09253,-123.51862,-52.16613,-1.08835,-1.15098,77.50243,-34.0307
-0.80743,-1.11786,-12.15415,-33.67924,-0.84459,-1.18438,23.70134,6.63965
-0.63129,-1.03989,370.36832,12.01917,-0.61315,-1.15967,-140.06894,245.31407
-0.41882,-1.05365,-4.44371,-21.05291,-0.37448,-1.1009,18.37075,2.21253
-0.18784,-0.95095,-47.11388,-17.96242,-0.2457,-0.96855,29.01803,-41.28235
-0.03755,-0.83745,-0.43999,-6.77615,-0.03528,-0.84599,8.01747,-0.18577
0.08712,-0.61416,-254.54062,-16.48472,0.10522,-0.68642,-32.0748,-365.90823
0.24221,-0.49384,-0.59592,8.10511,0.21814,-0.53128,-13.4491,4.40033
0.30905,-0.32699,25.47963,16.75502,0.32681,-0.39049,6.88225,59.49116
0.37739,-0.14003,-4.92056,22.30503,0.36622,-0.16345,-33.87164,45.78796
0.47773,0.03829,-114.4243,25.56028,0.43983,0.02056,-256.87744,70.11884
0.40656,0.26914,-13.07762,34.71196,0.45242,0.28938,14.31312,67.57006
0.43239,0.40317,359.43033,44.56376,0.45035,0.45599,443.56485,-350.16614
0.39572,0.71363,-24.27,44.45354,0.38677,0.6942,34.00227,53.90574
0.31701,0.90065,-73.85315,48.35835,0.33107,0.8104,19.2324,98.98895
0.21977,0.97211,-37.79888,50.5943,0.23537,0.99736,39.57995,47.2393
0.05299,1.17037,-304.34387,58.58869,0.09183,1.17449,29.44389,261.43039
-0.05335,1.30699,-52.4119,52.74099,-0.11747,1.365,41.63412,34.81412
-0.26179,1.42916,-28.90472,50.90535,-0.23747,1.51005,35.83501,13.50623
-0.39296,1.55707,-67.09596,50.75469,-0.4914,1.60238,40.68903,29.39463
-0.59709,1.6351,-178.82101,54.66251,-0.61223,1.67149,63.38438,83.76658
-0.80402,1.60562,-80.70555,44.64423,-0.87208,1.74214,39.03452,26.78562
-0.95496,1.61877,287.28064,10.40498,-1.01237,1.71693,-68.7109,-126.80752
-1.15791,1.63667,-92.05976,35.19096,-1.23719,1.66333,40.12512,25.50143
-1.45179,1.60617,-137.1293,33.27249,-1.43525,1.648,52.69172,37.32006
-1.62134,1.50129,-100.38029,22.82384,-1.63228,1.54479,39.42153,23.32575
-1.77276,1.31149,-364.92999,46.50329,-1.72072,1.40784,140.28505,87.7513
-1.88995,1.25256,-104.79926,8.76617,-1.96774,1.19381,40.90525,20.36194
-2.08676,1.12928,-71.59735,-3.32857,-2.13398,1.14421,25.40965,15.18411
-2.19411,0.96864,-105.24026,-6.12083,-2.19542,0.9479,39.38959,19.79495
-2.23362,0.74716,-206.26276,2.29532,-2.24592,0.83025,81.12986,28.96944
-2.29038,0.54218,-101.36319,-20.54184,-2.38313,0.57939,38.18121,17.90237
-2.33576,0.32016,269.08005,-90.86526,-2.42172,0.34609,-114.14209,21.20881
-2.30227,0.15839,-93.71895,-33.24897,-2.40308,0.16249,37.89073,16.39813
-2.37382,-0.03809,-126.22075,-31.45032,-2.3668,-0.05585,53.6135,12.02298
-2.22344,-0.20313,-82.87987,-43.30569,-2.28083,-0.25168,37.97039,14.79696
-2.14734,-0.4256,-338.33597,8.27715,-2.24924,-0.42048,144.67838,-30.72692
-2.08795,-0.50824,-69.67526,-49.99828,-2.0824,-0.54245,37.18999,14.32223
-1.96827,-0.6704,-25.96734,-60.28188,-2.03069,-0.71339,20.66569,22.42548
-1.78885,-0.85206,-55.07052,-52.74925,-1.7855,-0.85411,36.60036,12.03511
-1.65808,-0.91599,-146.91907,-27.63234,-1.66289,-0.95634,73.57378,-25.69565
-1.4583,-0.95812,-40.29821,-51.23974,-1.44527,-1.0138,35.35541,10.65296
-1.28894,-1.08463,323.89133,-145.3936,-1.31462,-1.17327,-82.19757,183.95776
-1.04409,-1.1026,-26.44301,-45.71824,-1.09462,-1.16438,32.17664,7.53897
-0.89099,-1.13562,-54.55359,-31.63004,-0.9474,-1.1851,38.73497,-15.06716
-0.71118,-1.06995,-14.78231,-36.65724,-0.71272,-1.05443,30.36696,6.50673
-0.52172,-1.01105,-269.66635,49.58671,-0.50998,-1.02195,66.5782,-230.64946
-0.39222,-0.90005,-6.15265,-24.59376,-0.32228,-0.90982,26.14624,2.49917
-0.21637,-0.83887,35.30712,-30.47096,-0.17013,-0.85445,26.38771,46.5757
-0.02783,-0.72599,-1.08661,-10.67383,-0.01994,-0.67047,15.9541,-1.14629
0.04822,-0.53025,-95.44141,30.27444,0.05795,-0.59042,-66.50172,-155.12166
0.1379,-0.39112,-0.20977,4.22561,0.17982,-0.40954,-8.83882,3.36877
0.13643,-0.2042,342.65109,-116.32493,0.28847,-0.2111,965.73297,303.47287
0.24233,-0.05276,-3.49871,18.67481,0.31875,-0.02775,-15.95595,57.19856
0.36517,0.22456,-37.41451,37.72816,0.30633,0.10519,-71.42345,147.68706
0.27885,0.36621,-10.56777,31.74131,0.26221,0.33745,43.47655,65.10014
0.2024,0.54395,-270.41583,142.92262,0.21255,0.55649,62.15937,509.67661
0.1382,0.75274,-21.07975,42.24003,0.1305,0.72828,51.17025,38.11342
0.08851,0.87514,12.518,28.84194,0.12043,0.89949,33.33068,-9.4543
-0.03537,1.08912,-34.10781,49.39855,-0.02771,1.06824,47.03971,30.70863
-0.12908,1.19399,-131.79292,93.05096,-0.14598,1.14806,94.12537,102.82775
-0.34732,1.28934,-48.60046,52.57755,-0.33966,1.34388,45.36608,24.6984
-0.44744,1.31474,272.32275,-105.16146,-0.48744,1.42043,-125.09399,-148.79106
-0.71996,1.3896,-63.51629,51.69134,-0.62195,1.41954,46.99676,24.15332
-0.7929,1.50158,-97.96008,63.52475,-0.87594,1.5104,59.61971,30.28138
-1.06463,1.43099,-77.47307,46.69226,-0.99515,1.456,46.64595,21.32788
-1.23384,1.5308,-331.49036,173.321,-1.23107,1.483,179.04527,74.89709
-1.39023,1.40754,-89.38779,38.02817,-1.44413,1.39552,45.16652,17.31337
-1.53273,1.40186,-53.6397,10.1333,-1.5859,1.33427,22.95216,12.92085
-1.70795,1.28628,-98.52536,26.32924,-1.76268,1.26349,43.99656,16.59957
-1.86477,1.15942,-186.85104,68.467,-1.94611,1.20267,85.21154,17.47809
-1.96288,0.99265,-104.00078,12.47903,-2.05745,1.02848,42.86828,15.36377
-2.02913,0.8568,204.67311,-180.60799,-2.09955,0.86464,-113.6377,39.22374
-2.17321,0.66408,-105.49758,-2.37095,-2.22693,0.76787,42.0116,15.55069
-2.26027,0.48067,-128.5864,5.25448,-2.32348,0.5176,53.20555,9.59117
-2.25519,0.2801,-102.7661,-16.90288,-2.3216,0.31329,42.50858,13.017
-2.27588,0.12159,-338.03854,131.138,-2.2977,0.14393,150.1067,-47.67053
-2.17622,-0.06453,-96.01675,-30.11232,-2.31366,-0.08947,41.9405,11.39311
-2.23766,-0.18304,-50.53317,-63.65924,-2.27107,-0.16446,24.15397,26.28144
-2.16494,-0.40331,-86.03517,-41.06955,-2.17468,-0.35346,41.53457,12.13456
-2.03415,-0.55771,-158.92192,10.33602,-2.05204,-0.54698,71.05476,-23.97696
-1.94028,-0.70106,-73.2262,-48.62244,-2.01871,-0.73458,39.77194,9.61352
-1.79555,-0.73915,222.99802,-262.7215,-1.87346,-0.80437,-49.66556,161.55693
-1.64108,-0.94482,-58.92007,-52.45295,-1.66266,-0.93348,40.41114,8.85934
-1.58966,-1.01292,-72.02719,-37.20026,-1.52522,-1.03081,43.7327,-5.16626
-1.31312,-1.05824,-44.07053,-52.0592,-1.33514,-1.07613,39.06024,7.50882
-1.14574,-1.09619,-262.82919,128.32635,-1.16007,-1.15126,58.83647,-169.00984
-0.90856,-1.0591,-29.92232,-47.55708,-0.91891,-1.09326,38.97218,5.38709
-0.80383,-1.09838,16.98207,-77.05451,-0.84061,-1.11031,36.75308,43.12021
-0.56886,-1.02272,-17.56609,-39.34129,-0.58515,-1.02053,36.43953,3.68083
-0.42634,-0.99247,-84.70171,27.5844,-0.45031,-0.95187,10.71842,-83.91391
-0.29541,-0.80159,-8.0247,-27.88681,-0.28999,-0.88839,31.03227,1.0967
-0.11251,-0.72497,261.6962,-256.74414,-0.10457,-0.792,275.73773,366.83423
-0.08055,-0.55709,-2.06632,-14.32997,-0.01424,-0.62148,23.12195,-2.79489
0.06959,-0.46916,-17.50449,8.59924,0.01988,-0.50764,-18.2622,-33.7669
0.10651,-0.31206,0.00106,0.33312,0.10445,-0.32122,-0.93693,0.30794
0.24451,-0.07822,-211.99754,209.21103,0.18603,-0.19199,-1113.87146,-24.94468
0.17169,0.06831,-2.18075,14.96516,0.17197,0.11985,32.28613,64.52078
0.20804,0.24542,34.37701,-16.71061,0.22307,0.23357,36.09844,-112.70649
0.19313,0.38274,-8.35787,28.42829,0.18512,0.47552,45.97404,35.47393
0.11783,0.61244,-77.99892,101.34192,0.10712,0.56811,147.26279,165.06259
0.03516,0.75552,-18.08001,39.75655,0.04734,0.76722,50.17367,26.66161
-0.08747,0.82033,217.31674,-212.44772,-0.04704,0.87885,-254.243,-233.666
-0.15564,0.97487,-30.52409,47.79111,-0.14991,1.05203,48.5758,22.09286
-0.30886,1.15522,-51.37416,65.81754,-0.25956,1.14731,64.21083,30.25113
-0.51633,1.19323,-44.73355,52.15737,-0.51513,1.21584,49.58562,15.78391
-0.61832,1.30239,-246.81055,275.65417,-0.62116,1.33093,241.13716,72.90082
-0.86203,1.29318,-59.55011,52.34327,-0.89663,1.31223,48.33163,12.35643
-0.99324,1.31475,-29.60399,6.61172,-1.03906,1.34107,13.76846,11.4071
-1.16719,1.3136,-73.84675,48.37514,-1.22063,1.33912,47.18583,12.13511
-1.34573,1.26485,-138.12718,116.07126,-1.397,1.31468,93.90234,5.28288
-1.5382,1.27019,-86.52905,40.60245,-1.55491,1.27643,46.05133,11.69136
-1.69031,1.13223,122.92144,-239.84122,-1.7072,1.15666,-114.5862,62.85346
-1.76924,1.03842,-96.48699,29.55949,-1.80303,1.08188,46.58015,11.55535
-1.9235,0.93886,-110.98642,37.61102,-2.04045,0.93468,51.93844,5.35893
-2.05622,0.79784,-102.99223,16.32268,-2.09974,0.72962,46.17586,8.27151
-2.18274,0.65701,-280.47659,251.99864,-2.15283,0.66287,151.92166,-70.27692
-2.2484,0.4508,-105.58728,1.65237,-2.2363,0.41805,45.75445,7.81432
-2.23162,0.3045,-70.64804,-55.52496,-2.31997,0.31914,26.6554,27.60022
-2.23482,0.14156,-103.83183,-13.06984,-2.34099,0.06801,44.15431,6.86589
-2.23708,-0.03023,-151.43726,54.47879,-2.27376,-0.04439,66.10912,-25.25052
-2.20832,-0.22553,-98.2348,-26.89298,-2.22726,-0.19881,44.82637,8.07314
-2.10554,-0.44099,92.94331,-324.16803,-2.17747,-0.43581,-12.39106,151.35396
-2.07581,-0.53762,-89.00252,-38.51386,-2.04573,-0.48667,45.41497,8.02247
-1.97901,-0.64099,-91.34067,-29.86462,-1.97489,-0.74441,45.4881,-2.0239
-1.84169,-0.82718,-76.83586,-47.01846,-1.83431,-0.8244,44.4334,5.66299
-1.70945,-0.96748,-224.44479,211.47409,-1.74196,-0.97647,46.25838,-147.33063
-1.51899,-0.9788,-62.7437,-51.80115,-1.55815,-1.02534,43.36632,4.70819
-1.34206,-1.03861,-24.2063,-107.62363,-1.40306,-1.09229,47.92383,39.39756
-1.24285,-1.10481,-47.98741,-52.60095,-1.20268,-1.08038,43.82458,4.36841
-1.02828,-1.08446,-82.57668,25.95071,-0.97979,-1.10899,23.80462,-53.42953
-0.85354,-1.14001,-33.46188,-49.14356,-0.88723,-1.14096,41.05337,2.59613
-0.67662,-0.98605,131.0587,-350.06726,-0.66291,-1.09352,180.96904,229.55605
-0.49431,-1.01135,-20.5274,-41.80422,-0.53869,-1.03035,40.04325,1.01283
-0.38834,-0.90795,-20.78743,-25.21638,-0.35403,-0.97863,29.58014,-10.54029
-0.19018,-0.80919,-10.15637,-31.23192,-0.23223,-0.76937,40.85622,-0.86886
-0.11898,-0.71444,-137.64589,253.01315,-0.15193,-0.70177,-303.83066,-261.92151
-0.0256,-0.53644,-3.22197,-18.1073,-0.00022,-0.52162,34.71608,-6.16246
0.02052,-0.35621,25.82168,-70.81424,0.05087,-0.38651,188.73787,41.96872
0.06297,-0.24393,-0.17898,-3.59481,0.12168,-0.21017,12.44094,-8.05463
0.16322,-0.04785,-34.07469,82.92539,0.21061,-0.04308,-232.58669,346.1622
0.19897,0.08895,-1.20378,11.24566,0.18984,0.09553,18.72511,49.81464
0.13877,0.29596,124.65593,-295.95142,0.14741,0.24701,-661.42139,-899.37952
0.10097,0.46307,-6.389,25.20423,0.1018,0.43381,51.79076,26.88141
0.04261,0.58327,-14.09474,41.09641,0.02042,0.5997,67.64903,25.80626
-0.05064,0.74451,-15.20153,37.12003,-0.08552,0.72994,52.57173,14.66645
-0.18478,0.93727,-127.4589,334.4679,-0.18459,0.83185,415.6153,60.99936
-0.30063,0.99835,-27.00726,46.04353,-0.35071,1.05423,46.99623,9.98362
-0.47637,1.10684,-11.66912,-15.23741,-0.41319,1.10031,-8.64647,13.85226
-0.60787,1.16261,-40.87926,51.41607,-0.64415,1.19164,47.74117,8.49817
-0.76042,1.20263,-74.10057,132.48582,-0.79001,1.24547,102.76612,-5.68881
-0.9306,1.28072,-55.69644,52.75874,-0.94847,1.24146,48.4772,7.82717
-1.20342,1.24816,34.41157,-269.82257,-1.15375,1.23837,-130.50011,93.79463
-1.2588,1.17951,-70.25783,49.752,-1.28335,1.24924,47.48667,7.45708
-1.4697,1.11517,-79.19542,54.34,-1.50887,1.11802,51.11024,1.85735
-1.59133,1.09706,-83.36674,43.0046,-1.69158,1.07355,46.63456,4.17362
-1.74177,0.96872,-169.38403,342.6492,-1.81889,1.04606,151.39262,-101.3159
-1.829,0.86449,-94.10826,32.74561,-1.94533,0.85792,46.71434,3.76889
-2.0109,0.68167,-81.64912,-42.11588,-2.03133,0.73732,28.86622,31.21071
-2.06789,0.60848,-101.62321,19.89191,-2.14857,0.62254,46.10966,4.10188
-2.18819,0.38737,-121.9139,92.72676,-2.24502,0.43798,60.07547,-29.5831
-2.21978,0.31182,-105.28459,5.50373,-2.2482,0.3057,46.30735,3.84869
-2.24446,0.04267,-38.6227,-327.93008,-2.28207,0.14422,7.81189,144.19217
-2.22399,-0.10864,-104.69301,-9.4175,-2.29728,-0.03695,45.62669,3.36555
-2.15725,-0.24502,-103.75243,-11.52674,-2.28844,-0.18629,45.4464,1.33744
-2.14462,-0.41421,-100.11322,-23.46513,-2.13839,-0.39876,47.22134,2.16753
-2.07223,-0.58582,-148.82605,284.27933,-2.11621,-0.55541,32.80973,-142.94525
-1.9605,-0.72602,-91.66637,-35.68595,-1.99804,-0.73775,46.17718,0.8101
-1.85952,-0.88811,-75.5039,-113.10673,-1.9338,-0.84824,54.25998,34.68884
-1.73302,-0.91681,-80.15158,-45.06406,-1.80343,-0.97343,44.86129,0.7733
-1.57099,-1.04447,-83.80981,30.62273,-1.61936,-1.04779,27.85672,-36.93486
-1.4453,-1.08119,-66.53614,-50.91414,-1.47908,-1.1399,44.86584,-0.1543
-1.19383,-1.18983,-22.89002,-379.69946,-1.27945,-1.10935,157.09959,160.5545
-1.10554,-1.16351,-51.83623,-52.80022,-1.09745,-1.15436,46.44883,-0.74566
-0.88286,-1.10588,-44.57872,-49.49512,-0.95466,-1.15962,44.30354,-1.96947
-0.75001,-1.15332,-37.18136,-50.45289,-0.73187,-1.1319,46.41017,-2.84033
-0.57933,-1.12216,-53.88988,273.54468,-0.61348,-1.11949,-167.62949,-139.9986
-0.3805,-0.97243,-23.68665,-44.10289,-0.42964,-0.95033,47.88813,-3.27448
-0.24681,-0.87598,-13.62021,-114.75242,-0.29139,-0.92472,117.10724,22.17325
-0.19081,-0.73152,-12.63302,-34.17944,-0.16632,-0.79364,44.45045,-6.60259
0.00266,-0.5932,-10.91833,49.3735,-0.12755,-0.64942,-70.02419,-30.56568
0.03299,-0.47121,-4.62746,-21.64673,-0.00151,-0.51701,41.89508,-8.82852
0.0776,-0.23968,3.8823,-340.24887,0.10134,-0.35301,893.37964,-245.47807
