2096.2002,0.28601,18138.37891,-316.98535,1909.82178,0.47217,9.49738,-0.16832
-5.27522,-0.63273,-217.36293,-61.08849,-10.54457,-1.32905,21.01017,3.14522
-5.15184,-1.34701,-183.06482,263.31732,-10.26696,-2.58387,10.69832,-28.33949
-4.95115,-1.91887,-272.83588,-120.10942,-9.85676,-3.85141,28.14443,1.18839
-4.64385,-2.4496,9.52656,-384.33594,-9.25003,-5.02618,16.63534,32.51056
-4.32606,-3.04774,-262.87283,-97.2715,-8.56048,-6.01746,25.89827,-6.84195
-3.76919,-3.61021,-362.65979,-597.93591,-7.70699,-7.06541,64.21353,18.71558
-3.4473,-3.88387,-159.66336,-108.14326,-6.61421,-7.89106,18.0105,-5.13723
-2.7053,-4.31887,-351.2431,10.51322,-5.54737,-8.58943,17.77277,-29.41417
-2.19855,-4.44982,-80.08797,-194.51877,-4.30351,-9.1733,20.73679,0.99779
-11.70604,52.70631,-819.46344,3701.12378,-23.51535,105.43398,35.09159,-0.05432
-0.88048,-4.90433,-85.56556,-246.50745,-1.73127,-9.7205,26.09942,-4.15414
-0.16393,-4.87618,-127.82111,-111.7057,-0.44347,-9.81667,11.94302,-12.4813
0.50652,-4.81372,-79.30013,-191.8873,0.95803,-9.6424,18.89672,-10.10161
1.21295,-4.65052,-200.15601,-604.49493,2.30169,-9.3385,56.0441,-35.24677
1.68439,-4.46152,17.284,-122.04174,3.50479,-8.82466,12.61731,-3.05247
2.28172,-4.09174,19.87975,-312.22287,4.66527,-8.216,29.77533,-14.48761
2.82358,-3.74719,120.56667,-130.64124,5.78013,-7.47301,18.74582,1.63432
3.43414,-3.27924,320.95596,-137.07881,6.7425,-6.46321,34.96344,13.18463
3.76289,-2.67744,125.17049,-151.59651,7.57442,-5.40539,20.41263,-5.44704
-49.49595,-25.12196,-1674.0343,-979.7428,-98.95069,-50.09549,17.45639,1.06372
4.4175,-1.4754,83.46297,-77.8469,8.90464,-2.9636,11.05772,-5.06211
4.64398,-0.8639,52.50008,-302.46533,9.37388,-1.7139,11.12828,-30.23215
4.69429,-0.18011,109.31223,46.09885,9.46615,-0.37084,11.33951,5.3141
4.68771,0.58797,503.25793,179.63467,9.54465,1.08295,54.16479,12.67482
4.73913,1.21126,174.77229,96.70987,9.42228,2.40155,19.87383,5.19852
4.62042,1.84317,187.58546,273.39206,9.06624,3.88515,28.3979,17.98563
4.3468,2.58272,157.492,82.24791,8.68366,5.16729,17.55617,-0.97538
3.9915,3.17142,26.24141,296.2435,8.0407,6.35385,19.93147,21.09296
3.59465,3.79392,55.47611,121.96345,7.23306,7.55637,12.09022,4.2313
-53.53983,18.18859,-1926.83118,-380.34613,-107.04454,36.30485,15.06259,8.66173
2.59214,4.69073,-8.02498,230.38031,5.20441,9.55499,18.24166,10.77573
1.99854,5.11018,264.10767,79.79767,4.07712,10.3167,15.44037,-19.49805
1.37028,5.39122,2.07552,286.68671,2.88792,10.9962,24.43559,6.22875
0.79724,5.84451,-266.70129,683.00806,1.49316,11.47627,55.5508,30.46701
-0.0004,5.88658,-24.28787,241.99409,0.18136,11.76432,20.53346,2.38108
-0.64324,5.99878,104.27217,309.65491,-1.16108,11.95021,24.82992,-11.13803
-1.32572,5.97538,-144.12302,201.70181,-2.66218,11.94951,18.64129,7.90798
-2.00375,5.86137,-153.69882,265.09543,-4.00336,11.80723,24.09555,4.84752
-2.67723,5.71953,-255.43558,238.89606,-5.38979,11.46317,25.64753,10.22412
-55.51704,-20.43427,-1214.80811,-1588.83301,-111.22993,-40.8044,14.24471,9.05859
-3.88432,5.10383,-269.95715,265.40576,-7.84304,10.26468,29.01294,4.13141
-4.52202,4.74346,-532.61011,443.36331,-8.98626,9.52791,52.52894,6.35724
-4.99983,4.26871,-262.4043,187.83072,-9.98745,8.56825,24.42846,2.15053
-5.47443,3.74248,-799.34961,-467.68298,-10.86267,7.56961,29.33825,63.49839
-5.81801,3.21239,-333.79187,74.05765,-11.61095,6.48355,24.62982,7.37502
-6.15714,2.59141,-244.15695,93.95189,-12.24706,5.21668,19.64017,0.69443
-6.40218,2.09785,-429.64941,38.03107,-12.73279,4.09041,31.45668,7.11861
-6.5162,1.42891,-34.32259,135.33435,-13.03543,2.84835,4.67822,-9.35981
-6.56692,0.8688,-432.16074,44.23077,-13.19015,1.56674,32.70084,0.53091
51.28453,7.5392,2300.40161,1005.1875,102.67747,14.87006,23.33256,6.41067
-6.63765,-0.51427,-365.2005,-24.57897,-13.02906,-0.95089,28.01813,-0.15835
-6.43054,-1.09361,-855.03217,-94.6591,-12.82499,-2.09751,66.10808,-3.43104
-6.16789,-1.56447,-351.09521,-155.81227,-12.40813,-3.26523,29.5535,4.7802
-5.93025,-2.06693,71.04657,-150.5166,-11.87396,-4.30159,-1.22978,13.12171
-5.61354,-2.58853,-397.60144,-224.34039,-11.31473,-5.22328,36.51213,2.97199
-5.27455,-3.06332,-295.19037,-430.32434,-10.49877,-6.08504,38.82922,18.48283
-4.88281,-3.4527,-385.55255,-206.56589,-9.77342,-6.82489,36.43911,-4.31036
-4.52077,-3.74785,-577.16772,-245.43779,-8.83943,-7.39755,52.06619,-15.80694
-3.88566,-3.93587,-281.50537,-218.0412,-7.90905,-7.93956,31.51208,-4.06507
-46.98755,34.75488,-1538.19141,3973.03076,-93.98965,69.56934,30.78666,-19.48324
-2.99331,-4.28834,-200.51231,-307.71274,-5.99931,-8.49552,35.28957,1.31841
-2.53645,-4.35148,115.22015,-567.16949,-5.14508,-8.69564,42.50422,38.39946
-2.11934,-4.36874,-208.2923,-369.63675,-4.17358,-8.60905,44.26249,-2.73657
-1.74563,-4.31984,-214.00986,-153.15714,-3.31828,-8.61956,23.7996,-15.66625
-1.32596,-4.12724,-210.69569,-328.51984,-2.56545,-8.34311,43.06927,-12.01032
-0.89295,-4.04565,-254.81244,-185.03911,-1.75362,-8.02231,28.64021,-25.50243
-0.55464,-3.79566,-123.365,-272.39142,-1.08259,-7.73162,36.74458,-10.81087
-0.2351,-3.54848,-140.56375,-240.65288,-0.54458,-7.19479,34.72802,-16.90828
-0.01776,-3.36269,-23.73083,-299.6481,-0.02485,-6.71393,44.64325,-3.3693
0.90961,55.26453,1152.14746,2539.78003,1.81085,110.58452,23.13128,-10.03992
0.29565,-2.89539,-18.56327,-348.92679,0.65506,-5.54585,61.6611,-10.63052
0.41964,-2.57806,-90.15349,-261.60623,0.88592,-5.03763,47.3198,-26.21771
0.46976,-2.30841,-58.77279,-309.79532,0.906,-4.48948,63.766,-25.95954
0.45614,-2.00291,700.48096,64.31523,0.99125,-3.86021,28.08425,174.25038
0.42561,-1.63922,-27.22718,-220.28487,0.84623,-3.38079,59.41925,-22.92639
0.32128,-1.37513,7.30566,-539.59625,0.70602,-2.84871,179.05511,-41.81217
0.19101,-1.24862,55.49117,-203.51665,0.54011,-2.47164,83.27041,4.25475
0.06473,-1.01755,-285.52179,-572.43506,0.1656,-2.15455,254.00014,-152.04266
-0.09458,-1.00887,68.03786,-255.03806,-0.19086,-1.80295,135.93779,52.12742
57.78687,4.48984,4035.60645,79.8606,115.74438,8.88869,34.71479,-1.97598
-0.44867,-0.73091,2.394,-253.28888,-1.00844,-1.61446,112.18964,71.55975
-0.67583,-0.76518,139.99146,98.41736,-1.46012,-1.58514,-77.59711,16.83778
-0.92728,-0.82136,-19.55347,-175.80002,-1.81558,-1.63027,54.09739,48.25264
-1.08754,-0.9329,289.68372,-129.83514,-2.22341,-1.79515,-50.33154,99.03151
-1.30622,-1.00993,42.56173,-138.94476,-2.52851,-2.03784,16.64386,41.53716
-1.45934,-1.21472,163.13182,-686.81848,-2.90034,-2.32677,81.36427,171.53236
-1.5518,-1.30479,79.44858,-195.07387,-3.17261,-2.70008,15.82492,48.01889
-1.69108,-1.56493,236.45419,-7.01783,-3.3811,-3.14109,-36.50211,35.98656
-1.68642,-1.78366,26.52715,-239.76112,-3.46396,-3.62188,30.91514,36.89131
1.83212,56.27426,-1244.57397,3080.94458,3.43601,112.48523,27.02658,11.88989
-1.7632,-2.31459,-20.18731,-193.96686,-3.50721,-4.66561,28.6416,17.20352
-1.67069,-2.58156,-21.23434,-248.65131,-3.31339,-5.12967,36.08966,19.17173
-1.5866,-2.86995,28.88211,-141.08174,-3.15658,-5.65909,16.843,14.49852
-1.49082,-3.11389,-477.15027,-59.31807,-2.88395,-6.18987,37.38338,-59.66821
-1.19929,-3.21794,100.69405,-177.94011,-2.44607,-6.63046,18.69049,22.08177
-0.96637,-3.53299,310.58127,67.21515,-2.06597,-7.1781,-20.14809,37.46894
-0.79114,-3.74417,88.03564,-243.07349,-1.58165,-7.44639,28.83121,17.94651
-0.47046,-3.93418,-82.27917,80.69084,-0.92379,-7.85159,-8.92057,-11.52886
-0.11384,-4.05869,37.04446,-221.46317,-0.33875,-8.03495,27.31954,5.7622
-51.23371,23.40349,-2333.95068,1587.22388,-102.60468,46.84481,24.66779,-4.20708
0.51177,-4.16074,64.70273,-145.02304,1.05163,-8.29265,18.18514,5.49628
0.83593,-4.1199,18.41507,-409.11572,1.74533,-8.2447,47.94588,-7.91614
1.20335,-4.05928,151.68945,-134.78568,2.48667,-8.14774,20.33094,12.41241
1.46217,-3.97553,168.73058,-303.16922,3.18173,-7.89573,40.441,5.07338
1.95249,-3.77736,173.67493,-187.73734,3.89498,-7.63241,28.7281,8.09435
2.23274,-3.65603,227.10521,4.56855,4.53735,-7.24143,13.6578,22.80417
2.65684,-3.38527,117.07443,-182.22844,5.10182,-6.81671,25.37366,-1.81576
2.97316,-3.08867,5.98663,-154.0522,5.75451,-6.12803,13.84641,-12.02552
3.07409,-2.75942,99.94797,-92.34405,6.16221,-5.62937,16.30342,-0.09187
-12.1984,53.82408,67.25095,2156.60132,-24.37465,107.73546,18.90847,-4.90218
3.39343,-2.02969,163.01393,-35.15285,6.80544,-4.2033,19.64841,6.97022
3.4436,-1.74653,29.955,-464.21829,7.01862,-3.43576,29.56147,-51.66997
3.52436,-1.44421,195.82503,-67.84077,7.06992,-2.60032,27.50662,0.52124
3.47193,-1.02265,801.61835,152.71605,7.11463,-1.88878,99.93037,47.99445
3.4549,-0.52778,130.0658,-89.54147,6.93562,-1.11074,20.30023,-9.65929
3.3307,-0.21898,173.96898,472.97522,6.76018,-0.45131,20.97001,71.3648
3.14588,0.18765,59.11533,-22.6236,6.42175,0.28585,9.03077,-3.92495
2.99393,0.49197,79.74887,60.40369,5.99388,0.84073,14.43458,8.05291
2.74394,0.74785,75.10501,48.74843,5.56489,1.47838,14.7803,4.83343
-26.29976,-49.68342,-334.89929,-5727.7876,-52.72873,-99.50345,46.33559,21.18839
2.19112,1.11668,108.90619,22.68787,4.31941,2.37202,21.58753,-6.60234
1.90572,1.32568,199.78017,-94.92255,3.69925,2.68508,23.17214,-42.4793
1.52524,1.46094,54.03208,-43.75272,2.94578,2.84087,2.08208,-16.86058
1.12377,1.44866,-218.39911,-346.17749,2.27071,2.93167,-109.86996,-10.60263
0.73446,1.39704,-43.12957,-37.00497,1.54988,2.92944,-15.95537,6.2813
0.37254,1.35679,-76.96587,-144.25491,0.78175,2.8625,-53.73027,12.21383
0.0357,1.24551,-60.84417,13.53481,0.17318,2.60763,3.62488,23.57389
-0.34205,1.20533,-99.01643,101.88319,-0.52009,2.26865,52.17303,31.68476
-0.59498,0.97827,-11.7773,-13.16987,-1.14467,1.78416,-2.229,8.03109
-34.65613,48.18932,613.66614,1802.45679,-69.39282,96.44096,9.29757,-13.05307
-1.09058,0.27673,-16.68756,-116.20677,-2.14277,0.63012,-7.51055,52.02334
-1.28429,0.02806,50.71085,-152.22006,-2.44801,-0.07371,-18.82572,62.74806
-1.40809,-0.35951,-88.87259,-171.32724,-2.68478,-0.76846,47.47806,50.22474
-1.40566,-0.82529,335.07355,63.33356,-2.76581,-1.57936,-101.21931,34.90031
-1.32817,-1.21782,-107.72798,-146.58188,-2.76927,-2.36741,48.61929,11.36759
-1.39754,-1.56151,270.95322,131.94235,-2.68929,-3.19826,-65.89818,29.30781
-1.24642,-2.01484,-28.81233,-153.64644,-2.4082,-3.99223,31.41037,11.73034
-0.99694,-2.45258,-345.60904,-169.21304,-2.09044,-4.84579,55.38084,-47.43066
-0.70983,-2.7393,39.89833,-247.50012,-1.53558,-5.62451,39.14912,17.78195
-55.86177,-21.29149,-3208.12671,-1903.01794,-111.94214,-42.56867,30.68601,5.33093
-0.09781,-3.52625,26.57471,-325.37183,-0.2267,-6.93783,46.72318,5.35712
0.2546,-3.74175,62.45965,-532.79694,0.59113,-7.41713,72.04678,2.67904
0.69236,-3.90401,20.72911,-301.79492,1.53395,-7.86853,37.44518,-4.66543
1.25403,-4.06202,-108.12204,-68.28394,2.50502,-8.17003,3.93066,-14.43916
1.79299,-4.18815,113.5005,-255.0977,3.52166,-8.41703,30.59365,0.68432
2.27337,-4.24176,434.33307,-165.06696,4.62977,-8.39958,36.9327,31.35192
2.83904,-4.20027,233.651,-285.76733,5.69673,-8.40211,36.217,3.25306
3.46062,-4.05169,248.95845,-315.34863,6.8985,-8.15439,37.59457,-1.27389
3.97101,-3.86209,268.73718,-337.74908,7.91883,-7.69691,38.76748,-4.97031
-19.67666,49.33489,137.76593,2845.21948,-39.50171,98.85345,24.33889,-11.11943
5.03911,-3.34191,256.86981,-295.2583,10.06292,-6.5263,31.36356,-9.00039
5.45613,-2.9359,325.3981,-108.84579,11.03215,-5.80881,27.16044,4.43467
5.97756,-2.5043,314.79456,-185.79422,11.91449,-4.8239,28.12448,-4.20702
6.42033,-1.87154,-101.83647,415.33093,12.66173,-3.86219,-16.5121,27.76541
6.69587,-1.37074,427.4472,-132.88573,13.44614,-2.70305,32.46435,-3.35657
6.95078,-0.7504,396.1507,-327.43307,13.91013,-1.51783,30.68249,-20.1912
7.20005,-0.07255,469.75806,-141.72229,14.44291,-0.24263,32.68078,-9.26358
7.27062,0.54883,563.35486,-447.88541,14.69874,1.15482,35.71234,-33.27677
7.31409,1.23337,421.66333,-93.71888,14.80177,2.57428,26.58214,-10.95469
-37.32013,39.48325,-2350.39526,2762.47876,-74.56554,79.01585,33.34073,-1.71705
7.27939,2.65619,400.4097,41.30523,14.56916,5.32901,25.1549,-6.36588
7.02813,3.32384,171.98129,314.06335,14.22583,6.728,18.41217,13.36907
6.86276,4.01653,452.32434,146.35071,13.66757,8.0986,29.1906,-6.58875
6.45166,4.80759,200.30522,385.49673,13.0511,9.44668,24.1008,12.09279
6.09597,5.32634,470.78723,157.82568,12.22428,10.63896,28.30753,-11.72558
5.68153,5.91873,768.4859,65.33118,11.30805,11.77816,35.48262,-31.18032
5.14353,6.4224,383.95377,171.08682,10.1927,12.89216,22.65542,-11.87031
4.58784,6.82686,215.3457,-128.58215,9.06704,13.69464,0.7105,-15.2544
3.90997,7.20853,282.21732,268.19232,7.79419,14.57414,22.36213,-7.40507
-53.26835,22.24263,-4033.22119,-861.75403,-106.56,44.39533,29.38037,20.32756
2.45343,7.81711,262.89127,369.07108,5.06224,15.73306,26.12957,-8.30208
1.80713,8.03087,555.44269,222.70277,3.64244,16.05054,20.6642,-29.91642
1.16746,8.08237,263.27405,368.37476,2.22745,16.20304,24.50548,-12.87964
0.39271,8.07026,-23.85486,669.19562,0.67811,16.2223,41.11828,3.1893
-0.32338,8.04867,175.08286,317.65427,-0.70714,16.07763,19.24134,-11.73613
-1.08142,7.94399,-11.80743,395.68732,-2.20756,15.80605,24.65727,-2.69675
-1.79688,7.73802,39.97358,333.35291,-3.50309,15.38089,20.04165,-7.16353
-2.3849,7.39061,206.94005,411.50568,-4.85583,14.82618,20.93797,-20.8153
-2.96355,7.03342,-18.43526,392.08633,-6.02535,14.03544,24.06439,-9.01725
50.18977,29.41339,1559.36353,1677.07007,100.23495,58.92913,18.87107,5.6369
-4.07919,6.06209,-6.77509,372.57028,-8.17236,12.29716,21.26955,-13.58421
-4.4908,5.64351,123.57523,196.77795,-9.08583,11.31493,5.24146,-15.13029
-4.9531,5.12366,-45.27664,270.87946,-9.83302,10.23115,15.97408,-10.92709
-5.2535,4.58435,102.40044,965.97998,-10.43294,9.02281,40.19564,-57.82668
-5.43983,4.00909,-153.09186,209.96779,-10.93943,7.9485,18.28641,-5.90691
-5.63845,3.30834,-541.24426,577.66919,-11.22322,6.67976,58.23193,-16.81279
-5.74514,2.73837,-211.76109,228.0863,-11.54136,5.44411,22.63391,-9.086
-5.71923,2.10841,-525.2569,211.94521,-11.47802,4.26499,46.23902,-1.28387
-5.6823,1.57776,-171.04718,215.63406,-11.47839,3.03812,18.57285,-13.87019
51.89446,-8.66786,3340.69409,-2374.323,103.84441,-17.49203,35.02768,-16.96401
-5.41684,0.41886,-136.46762,111.86092,-10.90879,0.89001,13.25824,-9.17251
-5.26213,-0.04265,70.3106,65.75195,-10.46175,-0.21548,-6.84727,-6.14395
-4.9789,-0.543,-184.25711,16.24991,-9.97016,-1.07625,18.09409,-3.58305
-4.61649,-0.96379,459.21344,-815.64703,-9.34987,-1.98556,-29.2688,93.45174
-4.32417,-1.24938,-228.84875,17.59416,-8.68999,-2.71019,23.42486,-9.33027
-4.04162,-1.68742,-325.5098,354.21494,-7.96795,-3.30908,19.09666,-52.38577
-3.60086,-1.90332,-175.26682,41.69945,-7.1189,-3.94432,16.354,-14.91872
-3.18296,-2.12846,-581.90472,-8.89206,-6.44075,-4.22387,63.80956,-40.46601
-2.81863,-2.28763,-88.45959,-15.65989,-5.41259,-4.55787,10.98798,-6.35958
-2.34123,-2.30458,-1496.3866,-1369.39575,-4.69925,-4.7124,304.47382,-13.91848
-1.8674,-2.3309,-82.40606,-103.9167,-3.81024,-4.76006,21.75152,0.09927
-1.49323,-2.4447,238.7579,-57.93457,-2.96385,-4.77352,-13.65468,41.53903
-1.126,-2.35119,-123.93711,-105.79733,-2.26798,-4.66408,28.79589,-12.57023
-0.87589,-2.12645,-456.56812,362.23709,-1.50243,-4.435,-41.98373,-117.16927
-0.46095,-2.15689,-93.70956,-42.68746,-0.90426,-4.19141,14.34046,-19.26371
-0.07834,-1.87792,-326.9902,284.27777,-0.28943,-3.82078,-67.5326,-90.69779
0.11082,-1.83769,0.71751,-38.203,0.20474,-3.37152,11.30232,-0.47353
0.26136,-1.37484,111.93471,-350.5152,0.65026,-3.0429,117.67833,11.63807
0.51394,-1.12516,35.63756,-102.12881,1.02202,-2.42513,41.0204,-2.59214
0.6873,-1.05024,-103.10858,-1873.70935,1.3021,-1.98181,636.50281,-470.22781
0.69875,-0.77682,-13.67011,-116.12739,1.46524,-1.46862,34.97323,-44.20089
0.79624,-0.52175,-132.332,-109.63412,1.54729,-0.93509,-31.27981,-89.7594
0.76587,-0.26336,-30.92691,-42.72323,1.57778,-0.44635,-11.05635,-30.20597
0.8312,0.05461,-341.37207,-650.65387,1.48538,0.17543,-277.68134,-405.24237
0.77252,0.2522,36.42048,5.5419,1.42593,0.56996,23.36238,-5.4517
0.70793,0.51225,308.1745,92.49873,1.22517,0.99639,188.3571,-77.68586
0.49046,0.683,84.92491,-38.2038,0.94994,1.37627,10.04633,-54.77219
0.3888,0.88692,28.88327,247.84338,0.72579,1.69117,129.94734,38.6898
0.19175,1.02997,37.5033,-80.10421,0.37502,1.96895,-35.75862,-25.85812
0.06069,1.01819,-3186.52905,210.27621,0.13363,2.2738,10.08266,1402.00171
-0.11384,1.11571,-20.19617,-32.10081,-0.30069,2.28791,-12.65195,10.4901
-0.31965,1.12019,148.87462,-177.96245,-0.5756,2.46582,-81.80757,-41.27878
-0.51413,1.12701,11.40762,32.39454,-1.03747,2.39607,9.64938,-8.93904
-0.64342,1.26297,-600.8988,-160.33112,-1.31233,2.32299,58.45757,225.65051
-0.93954,1.16553,72.83308,6.59559,-1.69483,2.30851,-13.19411,-21.86319
-1.08576,0.99441,-275.62384,-160.54492,-2.06498,2.07289,27.6097,105.46186
-1.20492,0.89393,51.8979,-62.54962,-2.31724,2.00691,-26.1556,4.34041
-1.25414,0.82008,532.43835,-234.22882,-2.5807,1.68378,-186.24838,-30.75615
-1.34986,0.70572,-17.9747,-55.62898,-2.77406,1.36332,-2.71897,18.71701
-1.4014,0.61057,506.44205,-1229.1427,-2.97331,1.08467,-283.41745,310.00079
-1.51616,0.45909,-14.91064,9.58958,-3.02461,0.7608,5.38647,-1.81562
-1.57473,0.22725,-215.56805,195.6396,-3.1896,0.45066,74.75848,-50.77397
-1.51328,0.08239,58.56605,11.20232,-3.03924,0.19141,-18.96265,-4.88015
-1.46712,-0.10615,-28.27356,482.01489,-3.05651,-0.22065,-2.12315,-157.54788
-1.48635,-0.27677,80.24245,-61.67889,-2.90572,-0.40531,-24.18392,24.60011
-1.3592,-0.3858,400.64276,-131.42108,-2.71626,-0.82207,-121.70698,85.21764
-1.33094,-0.55936,23.0227,-88.38806,-2.58314,-0.95419,3.2794,33.00591
-1.24141,-0.56972,109.70744,-279.81534,-2.3415,-1.18226,10.74561,114.07683
-1.10048,-0.65322,1.96523,-26.66452,-2.0985,-1.48219,5.36284,8.91867
-0.90799,-0.8161,320.13718,150.69543,-1.78189,-1.58086,-142.51704,41.868
-0.78976,-0.81445,71.62581,13.7798,-1.51832,-1.63598,-26.35524,19.32186
-0.55374,-0.86597,306.5423,139.00539,-1.24062,-1.72018,-137.70445,78.88863
-0.47636,-0.78361,129.0831,-34.42429,-0.93635,-1.67476,-17.17051,67.47561
-0.31287,-0.9159,-268.57574,321.11746,-0.57878,-1.73035,-120.21259,-195.42476
-0.17098,-0.81574,93.22568,-78.44934,-0.35618,-1.65619,33.70292,63.53735
-0.00089,-0.77309,-150.94028,231.16809,-0.02639,-1.52964,-149.37816,-101.25423
0.04074,-0.66769,45.47752,-27.47928,0.27584,-1.39156,25.23365,27.6791
0.20706,-0.59195,-62.57037,-60.49474,0.41448,-1.09074,29.41607,-68.54276
0.40335,-0.46384,85.97652,47.2127,0.65493,-0.88407,12.03514,88.33465
0.32367,-0.38306,-629.69623,451.14243,0.81257,-0.71707,-711.11591,-72.33188
0.45949,-0.24134,155.57588,36.87033,0.9633,-0.35608,129.64069,86.19645
0.40848,-0.00039,57.11018,135.28326,1.00178,-0.10456,42.45135,139.47423
0.49118,0.09467,139.74051,-15.0092,1.04787,0.16573,127.89229,-34.55128
0.47636,0.23867,-313.62,-165.46579,1.09196,0.51409,-293.49493,-13.35529
0.54981,0.36525,68.09704,9.56996,0.9867,0.71017,50.06192,-26.33272
0.49792,0.56799,52.44434,-158.94922,0.85403,1.11667,-67.14706,-98.31944
0.36279,0.68488,62.23941,94.82233,0.83897,1.24392,75.5898,0.9472
0.31243,0.65485,221.57513,-146.71283,0.65022,1.52531,-28.99188,-157.62465
0.17727,0.87368,122.93388,116.99234,0.39875,1.72158,80.19368,-52.83337
0.06017,0.91365,379.26727,-781.06219,0.16413,1.84877,-401.10345,-240.75569
0.00712,1.01416,128.62724,60.55167,-0.09532,2.00336,27.10873,-65.49576
-0.18655,1.08555,106.43523,216.62492,-0.31081,2.13611,92.20871,-63.24352
-0.29758,1.09279,49.98848,43.94203,-0.60326,2.18478,12.81777,-26.4196
-0.48873,1.01789,353.72601,-567.76788,-0.94813,2.23385,-272.31778,-42.76624
-0.64144,1.11829,2.45379,111.04214,-1.11615,2.24647,39.2082,-20.57274
-0.78554,1.11973,-395.22586,145.10345,-1.42628,2.11266,133.93526,96.65421
-0.84809,0.97267,44.90507,153.46185,-1.61728,2.07388,35.51428,-49.34795
-1.01444,0.95338,235.38104,327.22394,-1.93421,1.87189,21.70464,-148.17197
-1.11203,0.86526,77.56754,100.72283,-2.08085,1.77928,2.37565,-46.37323
-1.1634,0.814,2161.03735,-762.67126,-2.33712,1.52398,-798.09717,-194.09143
-1.18732,0.67297,18.93285,44.04369,-2.45885,1.32197,1.49757,-17.10714
-1.2886,0.56076,-147.4149,-23.52763,-2.46867,1.06069,46.95169,29.70374
-1.36215,0.41409,-50.62339,76.83457,-2.60797,0.78163,25.91319,-21.69504
-1.40719,0.24884,240.74982,293.694,-2.65568,0.6188,-61.54461,-124.93117
-1.30807,0.13201,-28.09419,131.47031,-2.68054,0.24725,14.87821,-47.67389
-1.24003,0.01056,172.49127,104.64542,-2.63913,0.12496,-63.33958,-42.65044
-1.24516,-0.07864,31.25462,99.00058,-2.58715,-0.19903,-14.93619,-37.11726
-1.27156,-0.14945,-173.93961,-167.14771,-2.43129,-0.42019,81.0043,54.74891
-1.15749,-0.30727,11.91637,21.55745,-2.36202,-0.69768,-7.11963,-7.02377
-1.0862,-0.41832,-2072.15625,279.74481,-2.21617,-0.91748,753.59741,-438.21466
-1.1056,-0.49139,-59.43902,19.45597,-1.98549,-1.0309,19.57244,-19.96136
-0.84795,-0.54891,193.10599,152.60986,-1.82502,-1.09923,-114.60136,-14.59503
-0.69795,-0.61774,-60.47811,81.27635,-1.53275,-1.2148,-1.57832,-51.77563
-0.66218,-0.61936,-414.43323,-19.64276,-1.24609,-1.31113,165.71124,-158.59782
-0.60585,-0.60115,10.73627,84.82349,-1.0489,-1.25586,-43.9937,-28.19495
-0.3663,-0.63511,42.26201,-138.73625,-0.7793,-1.35887,63.40649,67.46401
-0.29887,-0.65274,32.72593,12.23966,-0.50847,-1.22814,-17.92563,19.22528
-0.16196,-0.64227,70.54278,123.98882,-0.31979,-1.22086,-109.20084,29.17689
-0.04024,-0.53756,-27.89444,-17.84052,-0.10498,-1.07878,18.87531,-24.02052
0.06147,-0.46758,13.24089,-637.42932,0.13855,-0.93698,667.79218,-84.61437
0.14253,-0.33824,-58.38295,41.41126,0.26876,-0.77861,-70.65121,-50.59679
0.21985,-0.31156,111.74349,138.59329,0.39938,-0.5311,-65.62608,259.74802
0.29764,-0.19868,1.47597,82.86475,0.47018,-0.36282,-83.27241,111.98096
0.2416,-0.05704,38.08665,14.86942,0.66992,-0.12254,51.08304,31.54
0.38159,0.06679,52.45554,33.3874,0.67574,0.0324,79.81268,45.58185
0.35314,0.24883,-286.43628,-13.41942,0.69926,0.33467,-340.75534,143.89726
0.37013,0.29843,9.87664,-18.76153,0.61684,0.50891,-5.40381,-25.95735
0.33036,0.44903,75.71648,157.60258,0.65984,0.83018,160.76952,36.57618
0.32477,0.49893,-48.62846,20.91401,0.48906,1.04212,-1.4997,45.95911
0.13501,0.59773,2803.62427,205.22293,0.41946,1.27551,797.49182,-1935.78772
0.18262,0.71515,-19.31506,86.48017,0.2332,1.49343,54.5571,21.45251
0.03169,0.71732,-144.32208,123.9801,0.1045,1.53721,73.92862,98.911
-0.0245,0.87683,45.49974,66.57535,-0.14619,1.77871,35.08962,-28.46416
-0.11456,0.90105,5.51862,-259.99045,-0.33829,1.7915,-140.68988,23.48581
-0.19658,0.85504,29.4906,-0.69024,-0.54829,1.86723,-4.60986,-14.44012
-0.43376,0.92786,-188.03836,108.54307,-0.79368,1.89557,84.05976,64.00266
-0.5309,0.92329,-43.26388,4.98778,-0.96896,1.94972,10.89503,16.77524
-0.63708,0.93424,-57.2118,11.5546,-1.23009,1.88082,18.23694,18.4912
-0.7236,0.92806,-49.65342,74.6004,-1.40897,1.77612,39.39059,-3.29182
-0.79144,0.83299,-365.64346,974.44727,-1.73226,1.7884,383.29611,-166.81204
-0.83183,0.79741,16.61602,85.20795,-1.84023,1.63622,17.94981,-30.34301
-1.00852,0.7311,88.17171,21.98834,-2.09775,1.47869,-23.14349,-26.79556
-1.10246,0.67102,34.53161,16.33784,-2.15586,1.3167,-8.2949,-12.64445
-1.14155,0.5371,312.1579,74.55063,-2.34915,1.10955,-96.38898,-77.26147
-1.22371,0.39301,-30.96047,-14.55166,-2.39853,0.95003,9.08044,9.66356
-1.27546,0.28383,-371.09744,-119.87035,-2.44989,0.71725,126.32277,85.91183
-1.20744,0.20658,-67.55367,42.91558,-2.51335,0.47589,29.06883,-11.57103
-1.25184,0.20231,-172.75728,-79.84259,-2.49958,0.2206,65.7829,37.74812
-1.21817,0.00421,-12.2845,83.51973,-2.49487,0.04138,5.47769,-33.38575
-1.18068,-0.09434,520.72095,-220.13927,-2.46024,-0.246,-200.70097,109.54705
-1.16551,-0.21688,37.95972,32.03759,-2.26055,-0.33799,-18.4977,-11.40677
-1.16475,-0.30054,-111.76447,-134.85229,-2.18047,-0.64012,63.90551,43.08491
-0.9496,-0.3443,-3.5532,-24.21191,-2.00732,-0.77133,5.58094,9.9173
-0.94225,-0.37526,540.60419,397.17407,-1.85099,-0.91124,-320.11417,-56.9828
-0.78427,-0.49006,-61.81175,11.44289,-1.72446,-1.05252,23.16464,-20.77423
-0.82507,-0.52597,748.63013,230.39313,-1.4713,-1.07508,-406.30664,140.29697
-0.67764,-0.55758,-31.97889,76.04735,-1.30598,-1.15733,-15.18814,-44.7706
-0.5043,-0.60751,118.50294,-125.26636,-1.09945,-1.14782,5.34158,108.35869
-0.42921,-0.62854,36.06474,57.33498,-0.80491,-1.17222,-47.59601,-1.91566
-0.24981,-0.54718,-2184.39307,-1010.69153,-0.62829,-1.11307,1528.69922,-1099.59766
-0.1539,-0.56432,24.52552,-9.07318,-0.39597,-1.09026,0.1344,22.54402
-0.07212,-0.53105,-116.06987,262.2002,-0.22302,-0.89101,-246.241,-191.90085
-0.09878,-0.4282,-46.1511,-2.57333,-0.09117,-0.87429,8.35722,-51.91526
0.0018,-0.31355,-1248.31848,-559.43872,0.0795,-0.62569,630.45471,-2075.21289
0.09742,-0.23232,-53.32569,70.42729,0.23822,-0.51255,-152.7625,-33.04074
0.10687,-0.18992,-181.51321,-144.52106,0.37195,-0.34309,-70.02847,-453.13931
0.16207,-0.05125,11.85561,87.10195,0.38953,-0.12038,-35.29924,212.70009
0.29793,0.05157,396.84149,467.26721,0.44342,-0.02681,828.20813,1103.87292
0.18489,0.14042,29.05438,23.05556,0.39499,0.31789,73.15185,-0.50286
0.19238,0.26942,558.36127,-11.14192,0.43215,0.4337,630.81927,-658.86853
0.28924,0.26646,-40.08794,-5.49955,0.38043,0.65263,-33.01437,42.18003
0.05942,0.41361,-69.47269,-192.58075,0.25038,0.86961,-225.74446,14.89276
0.14117,0.54492,-84.49217,53.58358,0.20656,1.0583,33.76249,86.42764
0.06776,0.62488,-130.36296,-213.35088,-0.00462,1.14313,-186.174,114.79198
0.01745,0.67569,-37.93172,96.15296,0.00351,1.35479,70.89987,28.18174
-0.14308,0.65648,-69.97786,202.11771,-0.31428,1.46953,141.26201,17.40858
-0.213,0.67969,5.20905,44.1,-0.40649,1.59584,25.16986,-9.67534
-0.36491,0.7701,-50.75615,18.29107,-0.67221,1.73102,19.07644,21.91361
-0.48901,0.83986,-43.58922,-17.59521,-0.84122,1.69322,1.92339,24.7878
-0.49914,0.92274,356.1412,-521.19507,-0.99381,1.82982,-301.58237,-30.83692
-0.61597,0.80629,-110.55289,9.47465,-1.21372,1.6003,37.02036,41.00521
-0.73029,0.92375,-111.38403,149.08105,-1.42876,1.64363,85.21719,-6.30975
-0.72158,0.69087,-88.34682,64.96103,-1.66849,1.49937,48.65015,4.78499
-0.83039,0.7088,501.18872,63.97136,-1.76035,1.44538,-152.23804,-161.33908
-0.97007,0.64057,-23.91292,36.02975,-1.99535,1.3074,16.66218,-7.13937
-1.02238,0.53429,253.29034,97.38609,-2.06714,1.09999,-75.95467,-87.52938
-1.01732,0.44918,-34.85777,-44.23845,-2.26459,0.95341,6.08899,22.09837
-1.0967,0.46042,-536.10663,95.29576,-2.28581,0.74954,224.1102,31.79739
-1.18823,0.28428,-103.37264,-53.81022,-2.41966,0.55823,35.69163,30.47308
-1.3163,0.15506,-552.96918,1049.6875,-2.43875,0.3214,278.62842,-393.70126
-1.25545,0.09825,-106.50578,4.76221,-2.41793,0.18222,43.94713,1.34234
-1.21541,-0.04424,103.30878,-208.77765,-2.37935,-0.00163,-43.35887,87.77546
-1.22275,-0.14174,-32.36366,9.839,-2.24518,-0.19698,13.9231,-5.60382
-1.11214,-0.13227,-248.22527,537.39526,-2.236,-0.41452,64.24995,-252.2493
-1.0028,-0.26651,-0.73619,-64.79192,-2.0808,-0.59522,8.56047,28.68918
-0.98284,-0.28904,-605.09625,49.93555,-2.01026,-0.71045,259.77866,-116.64878
-1.00117,-0.42426,-53.8433,-103.35791,-1.85567,-0.92048,45.45879,33.14922
-0.81555,-0.46495,-62.06866,-504.05295,-1.63133,-0.93665,162.03677,215.94669
-0.6987,-0.56173,-82.08625,-50.42873,-1.45456,-1.05249,53.50584,-4.04641
-0.65892,-0.45258,696.13263,-41.20021,-1.37382,-1.12238,-289.19138,266.25256
-0.54456,-0.54206,-17.98584,-7.67024,-1.11974,-1.11597,11.48335,-4.59465
-0.40112,-0.49959,160.58084,155.06631,-0.87927,-1.13689,-153.69939,22.37482
-0.39579,-0.55282,44.98784,-55.49227,-0.74263,-1.07004,15.30778,52.66693
-0.2936,-0.45462,227.61575,-626.22479,-0.45631,-1.05892,420.64429,396.21625
-0.22758,-0.47756,15.49591,-111.43022,-0.43911,-0.93864,91.06285,59.10935
-0.13509,-0.49092,-198.07059,-441.84641,-0.2072,-0.85534,540.92615,-100.53559
-0.08835,-0.30274,-36.38493,-75.40175,-0.08013,-0.66231,118.75463,-40.56894
0.08722,-0.27595,326.99817,101.25716,0.04549,-0.53921,-135.66504,617.88647
0.11284,-0.11786,-2.5203,-5.63892,0.22597,-0.32582,8.06375,-13.32752
0.07954,-0.03975,-457.82547,-791.41528,0.17818,-0.2146,1134.46899,-3075.31738
0.11139,-0.07666,72.62553,-17.19561,0.26739,0.00489,270.34369,-69.25773
0.16472,0.10905,-59.95404,-68.63974,0.30262,0.14113,-249.6111,-110.41212
0.21173,0.14281,69.90261,-80.37695,0.30697,0.34564,-29.58969,-228.52216
0.15358,0.19507,-323.28876,419.33875,0.23649,0.60257,420.56467,701.57678
0.09983,0.40983,4.17563,-73.91137,0.23123,0.71613,-91.76039,-35.45974
0.04424,0.38536,349.09052,94.37831,0.08877,0.9106,139.68831,-369.74756
-0.00635,0.49952,-1.37745,1.68244,0.01115,1.02781,1.6222,1.35778
-0.1147,0.55367,67.14374,-211.78506,-0.13715,1.17131,-184.98622,-35.66376
-0.19734,0.58172,68.42537,24.43592,-0.34657,1.264,4.17538,-55.27892
-0.27476,0.66332,568.69397,199.58826,-0.48795,1.39964,0.84479,-406.608
-0.35448,0.75479,94.82301,-35.60302,-0.74362,1.44553,-46.15938,-41.85172
-0.4738,0.77116,34.86243,99.76355,-0.82965,1.50795,41.02151,-45.6884
-0.43218,0.71515,33.93573,-64.17986,-1.09597,1.48363,-38.91813,5.87583
-0.59777,0.74752,89.53015,478.97681,-1.27507,1.49565,155.90453,-192.77155
-0.63106,0.7545,-5.83077,-3.16507,-1.39327,1.45548,0.86637,3.17674
-0.72579,0.69363,131.74876,103.14307,-1.63739,1.39098,-15.65338,-76.29028
-0.9846,0.63746,46.62059,47.00742,-1.77758,1.3265,-4.17049,-29.55686
-0.97636,0.62062,69.80251,-78.4625,-1.94468,1.14302,-44.30326,14.30713
-1.03825,0.46155,100.69945,4.25848,-1.95903,1.05728,-38.89925,-23.16752
-1.02087,0.47966,-894.24097,427.01425,-2.10427,0.84061,436.38977,-28.60032
-1.1196,0.32748,63.45058,-50.84986,-2.16148,0.67583,-33.44152,13.06928
-1.14795,0.26843,-157.80685,66.24081,-2.29696,0.51036,71.57663,-12.93485
-1.16128,0.16976,3.09139,-16.16512,-2.32158,0.36821,-2.37616,6.58611
-1.15187,0.03075,-645.87616,-171.38661,-2.35357,0.1801,267.28607,93.27303
-1.09207,0.02947,29.10846,53.58935,-2.30211,0.0022,-12.62205,-23.29042
-1.09516,-0.07674,265.15372,-127.90507,-2.2576,-0.14994,-113.1875,64.17265
-1.1206,-0.14637,99.84668,43.0346,-2.24044,-0.44198,-46.54362,-10.02637
-0.98506,-0.28436,140.09993,-51.84183,-2.07526,-0.57545,-56.25714,40.58043
-0.92873,-0.3817,95.4115,-21.01133,-2.02582,-0.73547,-38.28601,24.27145
-0.84449,-0.41767,-541.35681,-817.01807,-1.79112,-0.83112,422.8598,259.93298
-0.77267,-0.49858,27.30347,-16.08326,-1.74623,-0.91909,-8.44782,13.65659
-0.88221,-0.49508,245.01526,241.00494,-1.49689,-1.02271,-186.58711,-33.52332
-0.70717,-0.48614,17.77125,60.83077,-1.3514,-1.04435,-30.01241,-21.81983
-0.54579,-0.54569,-299.28323,-696.57867,-1.19742,-1.16807,418.84659,173.15155
-0.515,-0.52567,84.82552,87.90112,-0.9858,-1.10221,-82.54889,3.12915
-0.4166,-0.69039,-358.75958,84.93115,-0.82493,-1.13451,101.44077,-242.464
-0.39231,-0.49313,109.55839,32.13706,-0.57343,-1.03456,-68.66538,67.83905
-0.12369,-0.41783,53.63805,19.03126,-0.48037,-0.96809,-37.83549,36.63203
-0.13125,-0.33023,45.12872,6.69286,-0.26033,-0.91545,-19.73395,43.68493
-0.03033,-0.41072,1013.43298,-129.37213,-0.18632,-0.77739,-138.09035,1270.53638
0.03763,-0.28926,-1.97312,71.25939,-0.02665,-0.64729,-109.7774,-7.56783
0.05907,-0.22546,181.48535,36.64722,-0.01058,-0.49015,-82.7203,368.48224
0.01018,-0.09488,41.32034,127.06227,0.15182,-0.29895,-282.08063,281.47195
0.18829,-0.1647,450.04337,-41.9283,0.17975,-0.13196,1738.1582,1042.77283
0.10104,0.05148,86.70911,88.83424,0.17681,0.0493,585.03625,339.29895
0.14165,0.11772,-550.69568,162.03082,0.18514,0.28226,-493.39575,1627.4126
0.10642,0.19298,39.31629,34.08267,0.16432,0.39676,108.35774,-54.21828
0.03207,0.28521,-16.10328,213.10764,0.12094,0.64706,313.73798,83.52492
-0.01849,0.40186,-34.65891,66.24515,0.02865,0.7847,82.69826,47.18756
0.08864,0.40066,1103.74548,-225.66977,-0.07854,0.90037,-354.87894,-1194.92566
-0.12313,0.47825,-23.55663,132.60413,-0.1876,1.05372,125.83493,-0.04694
-0.16083,0.65868,126.60339,-274.98743,-0.34572,1.15994,-247.60631,-35.34708
-0.17082,0.6328,34.75624,116.74979,-0.48247,1.22447,72.85243,-57.09035
-0.27307,0.55972,917.69775,-32.53308,-0.66947,1.28721,-311.74173,-550.79932
-0.42644,0.71435,20.14113,42.57616,-0.7893,1.35921,16.9898,-24.68441
-0.51304,0.64603,30.38402,66.77102,-0.97319,1.40345,21.99008,-36.89819
-0.52731,0.70665,-57.38145,33.01304,-1.17509,1.28343,36.26068,11.50983
-0.69178,0.62693,-143.1445,112.87737,-1.35087,1.27027,97.93835,8.53589
-0.71526,0.55816,-75.0498,94.26865,-1.55664,1.24388,58.9579,-13.44714
-0.81573,0.63189,370.29401,-345.91574,-1.80399,1.12947,-233.7061,45.42753
-0.9519,0.58599,-11.6147,106.48228,-1.84131,1.05478,29.69187,-40.821
-0.97221,0.43357,141.61926,446.9494,-1.98827,0.99374,32.90486,-208.34724
-1.02141,0.36071,15.83654,34.16167,-2.08012,0.82418,-0.95612,-16.80178
-1.09268,0.28782,-117.15895,171.64467,-2.15882,0.6855,72.2336,-56.57199
-1.13902,0.16867,-42.74522,-9.36103,-2.25553,0.46259,17.3695,7.71264
-1.15936,0.25259,-57.74682,-36.35838,-2.24405,0.33126,22.84385,19.57422
-1.21681,0.11036,-82.29018,39.64013,-2.30514,0.14725,36.64747,-14.85547
-1.12181,-0.02736,54.579,-20.91555,-2.27066,-0.03912,-23.87086,9.62253
-1.11896,-0.14298,-27.56726,84.77763,-2.24407,-0.25759,7.84466,-38.67895
-1.08149,-0.10979,80.07329,-688.10016,-2.1732,-0.44847,27.33128,310.98987
-1.00456,-0.21787,33.78238,39.87292,-2.02527,-0.56079,-20.55581,-13.99587
-1.01061,-0.37235,-265.92102,135.34842,-1.98974,-0.77215,93.21118,-104.1953
-0.94737,-0.43565,4.37735,-19.56546,-1.87114,-0.78484,1.74031,9.72647
-0.9079,-0.51642,-1498.29077,-985.24658,-1.75155,-0.94776,897.11359,77.07294
-0.81938,-0.64166,-53.50734,12.05947,-1.61467,-1.00756,20.49671,-20.25879
-0.6998,-0.51362,-41.65067,250.75682,-1.37528,-1.10709,-70.68543,-125.43085
-0.66413,-0.59645,-28.60799,84.98228,-1.12967,-1.15364,-25.20908,-49.48355
-0.44466,-0.5759,635.07532,147.61798,-1.05551,-1.18513,-335.60898,236.96671
-0.40984,-0.50907,43.18742,80.97879,-0.84593,-1.10199,-65.16722,-10.83417
-0.32389,-0.46639,-303.53217,157.7998,-0.68402,-1.03342,29.00666,-274.51788
-0.3231,-0.54581,39.78477,20.45784,-0.53025,-1.04942,-30.78937,22.35387
-0.24377,-0.44508,-366.83838,-24.82666,-0.28528,-0.84578,157.70662,-380.53189
-0.09672,-0.38458,-32.8511,25.46584,-0.2608,-0.87315,-16.45915,-42.53993
-0.08779,-0.35304,275.1712,-54.0033,-0.10002,-0.68037,19.49548,407.31079
0.00367,-0.26069,-52.75304,103.85925,-0.04628,-0.53148,-185.36655,-115.39561
0.06251,-0.24995,213.10986,-160.73613,-0.00729,-0.42294,371.25513,510.27554
0.12022,-0.16983,4.20003,134.48032,0.12109,-0.23071,-449.50296,254.1302
0.03729,-0.07287,-132.03287,117.79648,0.19135,-0.05477,-800.60657,386.42166
-0.02109,0.06904,21.5872,77.97562,0.10682,0.11842,453.71252,226.9767
0.04926,0.0484,-661.23425,231.16695,0.1798,0.28277,-476.64426,2035.35144
0.09154,0.22535,-52.14113,44.32382,0.03233,0.45503,88.81876,120.90054
0.02421,0.2889,-50.92178,216.78891,0.04269,0.61456,345.3327,106.84985
0.00909,0.40335,-112.97875,98.64602,-0.04963,0.76678,137.60994,138.43556
-0.08555,0.46517,-381.44058,-134.80562,-0.13235,0.91111,-85.34203,431.05035
-0.13997,0.57347,-81.83157,145.54391,-0.25763,1.05368,148.25563,41.41417
-0.21116,0.54253,-60.32771,-147.40068,-0.44902,1.12931,-94.36491,90.93968
-0.32194,0.59595,-42.18484,95.83882,-0.65814,1.23724,74.51432,-5.54114
-0.37047,0.65431,233.2406,37.20928,-0.72388,1.32888,-52.13713,-147.11572
-0.45414,0.60418,-91.71854,22.91373,-0.98739,1.30093,45.12739,36.25102
-0.54766,0.66933,702.94873,83.3553,-1.09047,1.32711,-222.31964,-347.00623
-0.6303,0.64532,-168.85751,34.0519,-1.31917,1.22775,81.46331,50.00489
-0.84259,0.54237,-392.47278,205.98036,-1.55692,1.13947,227.20807,33.98856
-0.82134,0.53328,-159.18652,82.61839,-1.64684,1.15737,88.30493,11.89144
-0.92578,0.5451,474.73328,-183.23256,-1.79165,1.00118,-245.46889,-34.89862
-0.94056,0.41184,-94.64368,51.50996,-1.9204,0.92923,50.45003,-2.41121
-0.98206,0.46203,-183.66359,-221.09085,-2.04772,0.75427,43.9578,124.16106
-1.07586,0.36844,-96.21783,-40.16258,-2.16822,0.6473,35.66746,29.17148
-1.16028,0.21409,-65.22194,-65.70963,-2.25636,0.41849,22.72289,33.33646
-1.18984,0.15426,-160.76909,-68.6522,-2.25944,0.28736,66.21909,38.80648
-1.06192,0.1146,-245.04678,223.03754,-2.26706,0.10188,112.28465,-93.33574
-1.00109,-0.08334,-165.88326,-20.64164,-2.24545,-0.01591,73.93687,8.66871
-1.07014,-0.075,54.89612,102.34098,-2.31083,-0.21173,-27.58226,-41.76038
-1.07826,-0.20109,-85.64454,-14.46889,-2.14159,-0.35252,40.01892,0.16881
-1.11054,-0.25923,-593.61536,375.80219,-2.05716,-0.57165,220.75067,-244.02368
-0.98764,-0.4308,-35.84557,-90.62808,-2.06032,-0.73346,29.33917,33.54293
-0.99804,-0.41937,-159.00735,-481.9194,-1.90952,-0.83565,162.58044,181.22787
-0.87057,-0.47361,-73.06584,-138.45108,-1.77019,-0.98242,64.74147,42.28218
-0.7732,-0.5526,-20.22701,86.94733,-1.6056,-0.99364,-15.12299,-44.79342
-0.70812,-0.53383,-96.2823,-89.27905,-1.3995,-1.14854,72.39355,4.38146
-0.6904,-0.58879,729.3739,441.71841,-1.34848,-1.14833,-475.21759,77.11419
-0.57276,-0.6211,-26.59124,-35.88132,-1.06676,-1.15845,28.19909,3.01292
-0.53649,-0.57638,51.72089,-113.3221,-0.97598,-1.17468,35.43063,73.46729
-0.31487,-0.56199,52.39602,-68.99527,-0.8405,-1.13801,17.22625,58.7648
-0.24583,-0.54686,486.24451,-450.41727,-0.58655,-1.14351,139.16263,496.60403
-0.17935,-0.51948,38.50567,-118.59415,-0.49953,-0.99445,79.69688,78.75397
-0.10882,-0.40231,-59.25894,216.04782,-0.38036,-0.92546,-177.20123,-136.86096
-0.11628,-0.37008,-11.4054,-76.97737,-0.16289,-0.76373,99.45235,6.27759
-0.12547,-0.30606,-97.64417,208.43407,-0.18417,-0.66615,-253.03008,-216.53329
0.00111,-0.26822,16.48852,10.51241,0.05031,-0.46293,-18.61812,37.64112
0.09816,-0.26626,1217.47534,121.61854,0.04206,-0.34426,77.66028,3526.97168
